Column1,iso_code,Latitude,Longitude,continent,location,date,total_cases,new_cases,new_cases_smoothed,total_deaths,new_deaths,new_deaths_smoothed,total_cases_per_million,new_cases_per_million,new_cases_smoothed_per_million,total_deaths_per_million,new_deaths_per_million,new_deaths_smoothed_per_million,reproduction_rate,icu_patients,icu_patients_per_million,hosp_patients,hosp_patients_per_million,weekly_icu_admissions,weekly_icu_admissions_per_million,weekly_hosp_admissions,weekly_hosp_admissions_per_million,new_tests,total_tests,total_tests_per_thousand,new_tests_per_thousand,new_tests_smoothed,new_tests_smoothed_per_thousand,positive_rate,tests_per_case,tests_units,total_vaccinations,people_vaccinated,people_fully_vaccinated,total_boosters,new_vaccinations,new_vaccinations_smoothed,total_vaccinations_per_hundred,people_vaccinated_per_hundred,people_fully_vaccinated_per_hundred,total_boosters_per_hundred,new_vaccinations_smoothed_per_million,stringency_index,population,population_density,median_age,aged_65_older,aged_70_older,gdp_per_capita,extreme_poverty,cardiovasc_death_rate,diabetes_prevalence,female_smokers,male_smokers,handwashing_facilities,hospital_beds_per_thousand,life_expectancy,human_development_index,excess_mortality_cumulative_absolute,excess_mortality_cumulative,excess_mortality
46,ABW,12.5,-69.9667,North America,Aruba,25/09/2021 0:00,NA,NA,NA,NA,NA,NA,NA,NA,NA,NA,NA,NA,NA,NA,NA,NA,NA,NA,NA,NA,NA,NA,NA,NA,NA,NA,NA,NA,NA,,155609,81124,74485,NA,108,148,145.16,75.68,69.49,NA,1381,NA,107195,584.8,41.2,13.085,7.452,35973.781,NA,NA,11.62,NA,NA,NA,NA,76.29,NA,NA,NA,NA
522,AFG,33,65,Asia,Afghanistan,25/09/2021 0:00,154960,0,67.571,7199,0,1.857,3890.005,0,1.696,180.719,0,0.047,NA,NA,NA,NA,NA,NA,NA,NA,NA,NA,NA,NA,NA,NA,NA,NA,NA,,NA,NA,NA,NA,NA,NA,NA,NA,NA,NA,NA,NA,39835428,54.422,18.6,2.581,1.337,1803.987,NA,597.029,9.59,NA,NA,37.746,0.5,64.83,0.511,NA,NA,NA
1063,AGO,-12.5,18.5,Africa,Angola,25/09/2021 0:00,54795,515,355.429,1487,16,14.143,1614.771,15.177,10.474,43.821,0.472,0.417,NA,NA,NA,NA,NA,NA,NA,NA,NA,NA,NA,NA,NA,NA,NA,NA,NA,,NA,NA,NA,NA,NA,NA,NA,NA,NA,NA,NA,NA,33933611,23.89,16.8,2.405,1.362,5819.495,NA,276.045,3.94,NA,NA,26.664,NA,61.15,0.581,NA,NA,NA
1751,ALB,41,20,Europe,Albania,25/09/2021 0:00,167354,664,740.143,2629,10,7.857,58251.947,231.123,257.626,915.092,3.481,2.735,NA,NA,NA,NA,NA,NA,NA,NA,NA,NA,NA,NA,NA,NA,NA,NA,NA,,NA,NA,NA,NA,NA,NA,NA,NA,NA,NA,NA,NA,2872934,104.871,38,13.188,8.643,11803.431,1.1,304.195,10.08,7.1,51.2,NA,2.89,78.57,0.795,NA,NA,NA
2200,AND,42.5,1.6,Europe,Andorra,25/09/2021 0:00,15167,0,6.143,130,0,0,196072.601,0,79.412,1680.585,0,0,NA,NA,NA,NA,NA,NA,NA,NA,NA,NA,NA,NA,NA,NA,NA,NA,NA,,NA,NA,NA,NA,NA,NA,NA,NA,NA,NA,NA,NA,77354,163.755,,,,,NA,109.135,7.97,29,37.8,NA,NA,83.73,0.868,NA,NA,NA
2837,ARE,24,54,Asia,United Arab Emirates,25/09/2021 0:00,734596,321,328.143,2089,3,2.286,73525.162,32.129,32.844,209.086,0.3,0.229,NA,NA,NA,NA,NA,NA,NA,NA,NA,NA,NA,NA,NA,NA,NA,NA,NA,,19847232,9227821,8169539,NA,71886,62082,198.65,92.36,81.77,NA,6214,NA,9991083,112.442,34,1.144,0.526,67293.483,NA,317.84,17.26,1.2,37.4,NA,1.2,77.97,0.89,NA,NA,NA
3683,ARG,-34,-64,South America,Argentina,25/09/2021 0:00,5249840,993,1604.286,114849,21,68.857,115113.371,21.774,35.177,2518.297,0.46,1.51,NA,NA,NA,NA,NA,NA,NA,NA,NA,NA,NA,NA,NA,NA,NA,NA,NA,,50575922,29398567,21216344,NA,298042,286161,110.9,64.46,46.52,NA,6275,NA,45605823,16.177,31.9,11.198,7.441,18933.907,0.6,191.032,5.5,16.2,27.7,NA,5,76.67,0.845,NA,NA,NA
4490,ARM,40,45,Asia,Armenia,25/09/2021 0:00,257620,1066,646.714,5239,23,17.429,86795.448,359.149,217.886,1765.086,7.749,5.872,NA,NA,NA,NA,NA,NA,NA,NA,NA,NA,NA,NA,NA,NA,NA,NA,NA,,NA,NA,NA,NA,NA,NA,NA,NA,NA,NA,NA,NA,2968128,102.931,35.7,11.232,7.571,8787.58,1.8,341.01,7.11,1.5,52.1,94.043,4.2,75.09,0.776,NA,NA,NA
5076,ATG,17.05,-61.8,North America,Antigua and Barbuda,25/09/2021 0:00,2902,87,42.714,64,1,1.286,29393.89,881.209,432.646,648.246,10.129,13.023,NA,NA,NA,NA,NA,NA,NA,NA,NA,NA,NA,NA,NA,NA,NA,NA,NA,,NA,NA,NA,NA,NA,NA,NA,NA,NA,NA,NA,NA,98728,231.845,32.1,6.933,4.631,21490.943,NA,191.511,13.17,NA,NA,NA,3.8,77.02,0.778,NA,NA,NA
5196,AUS,-27,133,Oceania,Australia,25/09/2021 0:00,97559,1752,1704.429,1231,11,9.857,3783.084,67.938,66.093,47.735,0.427,0.382,NA,NA,NA,NA,NA,NA,NA,NA,NA,NA,NA,NA,NA,NA,NA,NA,NA,,26441588,15919052,10522536,NA,311275,292736,102.53,61.73,40.8,NA,11352,NA,25788217,3.202,37.9,15.504,10.129,44648.71,0.5,107.791,5.07,13,16.5,NA,3.84,83.44,0.944,NA,NA,NA
6248,AUT,47.3333,13.3333,Europe,Austria,25/09/2021 0:00,734302,2145,1706.429,10961,8,10.286,81200.504,237.198,188.7,1212.088,0.885,1.137,NA,NA,NA,NA,NA,NA,NA,NA,NA,NA,NA,NA,NA,NA,NA,NA,NA,,NA,NA,NA,NA,NA,NA,NA,NA,NA,NA,NA,NA,9043072,106.749,44.4,19.202,13.748,45436.686,0.7,145.183,6.35,28.4,30.9,NA,7.37,81.54,0.922,NA,NA,NA
6752,AZE,40.5,47.5,Asia,Azerbaijan,25/09/2021 0:00,479814,1099,1805.857,6433,18,29.429,46933.176,107.499,176.641,629.246,1.761,2.879,NA,NA,NA,NA,NA,NA,NA,NA,NA,NA,NA,NA,NA,NA,NA,NA,NA,,8293590,4700096,3593494,NA,65861,53402,81.12,45.97,35.15,NA,5224,NA,10223344,119.309,32.4,6.018,3.871,15847.419,NA,559.812,7.11,0.3,42.5,83.241,4.7,73,0.756,NA,NA,NA
7142,BDI,-3.5,30,Africa,Burundi,25/09/2021 0:00,16356,0,309.571,38,0,0,1334.592,0,25.26,3.101,0,0,NA,NA,NA,NA,NA,NA,NA,NA,NA,NA,NA,NA,NA,NA,NA,NA,NA,,NA,NA,NA,NA,NA,NA,NA,NA,NA,NA,NA,NA,12255429,423.062,17.5,2.562,1.504,702.225,71.7,293.068,6.05,NA,NA,6.144,0.8,61.58,0.433,NA,NA,NA
7894,BEL,50.8333,4,Europe,Belgium,25/09/2021 0:00,1233723,0,1987,25554,0,8.143,106059.798,0,170.817,2196.808,0,0.7,NA,NA,NA,NA,NA,NA,NA,NA,NA,NA,NA,NA,NA,NA,NA,NA,NA,,NA,NA,NA,NA,NA,NA,NA,NA,NA,NA,NA,NA,11632334,375.564,41.8,18.571,12.849,42658.576,0.2,114.898,4.29,25.1,31.4,NA,5.64,81.63,0.931,NA,NA,NA
8290,BEN,9.5,2.25,Africa,Benin,25/09/2021 0:00,22958,0,215.429,154,0,1.143,1843.863,0,17.302,12.368,0,0.092,NA,NA,NA,NA,NA,NA,NA,NA,NA,NA,NA,NA,NA,NA,NA,NA,NA,,NA,NA,NA,NA,NA,NA,NA,NA,NA,NA,NA,NA,12451031,99.11,18.8,3.244,1.942,2064.236,49.6,235.848,0.99,0.6,12.3,11.035,0.5,61.77,0.545,NA,NA,NA
9101,BFA,13,-2,Africa,Burkina Faso,25/09/2021 0:00,14131,15,15.143,180,1,1.143,657.345,0.698,0.704,8.373,0.047,0.053,NA,NA,NA,NA,NA,NA,NA,NA,NA,NA,NA,NA,NA,NA,NA,NA,NA,,NA,NA,NA,NA,NA,NA,NA,NA,NA,NA,NA,NA,21497097,70.151,17.6,2.409,1.358,1703.102,43.7,269.048,2.42,1.6,23.9,11.877,0.4,61.58,0.452,NA,NA,NA
9590,BGD,24,90,Asia,Bangladesh,25/09/2021 0:00,1550371,818,1295.857,27393,25,30.143,9322.54,4.919,7.792,164.717,0.15,0.181,NA,NA,NA,NA,NA,NA,NA,NA,NA,NA,NA,NA,NA,NA,NA,NA,NA,,39638948,23783472,15855476,NA,NA,477257,23.84,14.3,9.53,NA,2870,NA,166303494,1265.036,27.5,5.098,3.262,3523.984,14.8,298.003,8.38,1,44.7,34.808,0.8,72.59,0.632,NA,NA,NA
10086,BGR,43,25,Europe,Bulgaria,25/09/2021 0:00,492365,1038,1519.571,20449,26,66.286,71391.856,150.508,220.335,2965.061,3.77,9.611,NA,NA,NA,NA,NA,NA,NA,NA,NA,NA,NA,NA,NA,NA,NA,NA,NA,,2507048,NA,1307993,NA,2466,6440,36.35,NA,18.97,NA,934,NA,6896655,65.18,44.7,20.801,13.272,18563.307,1.5,424.688,5.81,30.1,44.4,NA,7.454,75.05,0.816,NA,NA,NA
10578,BHR,26,50.55,Asia,Bahrain,25/09/2021 0:00,274745,69,80.857,1389,0,0.143,157150.252,39.467,46.249,794.488,0,0.082,NA,NA,NA,NA,NA,NA,NA,NA,NA,NA,NA,NA,NA,NA,NA,NA,NA,,2553691,1163222,1109912,NA,4393,2542,146.07,66.53,63.49,NA,1454,NA,1748295,1935.907,32.4,2.372,1.387,43290.705,NA,151.689,16.52,5.8,37.6,NA,2,77.29,0.852,NA,NA,NA
11138,BHS,24.25,-76,North America,Bahamas,25/09/2021 0:00,20603,0,81.857,522,0,2.571,51907.97,0,206.234,1315.146,0,6.479,NA,NA,NA,NA,NA,NA,NA,NA,NA,NA,NA,NA,NA,NA,NA,NA,NA,,NA,NA,NA,NA,NA,NA,NA,NA,NA,NA,NA,NA,396914,39.497,34.3,8.996,5.2,27717.847,NA,235.954,13.17,3.1,20.4,NA,2.9,73.92,0.814,NA,NA,NA
11606,BIH,44,18,Europe,Bosnia and Herzegovina,25/09/2021 0:00,230801,0,706.286,10422,0,31.286,70722.813,0,216.422,3193.544,0,9.587,NA,NA,NA,NA,NA,NA,NA,NA,NA,NA,NA,NA,NA,NA,NA,NA,NA,,NA,NA,NA,NA,NA,NA,NA,NA,NA,NA,NA,NA,3263459,68.496,42.5,16.569,10.711,11713.895,0.2,329.635,10.08,30.2,47.7,97.164,3.5,77.4,0.78,NA,NA,NA
12283,BLR,53,28,Europe,Belarus,25/09/2021 0:00,528229,1987,1969,4081,15,12.857,55939.473,210.423,208.517,432.178,1.589,1.362,NA,NA,NA,NA,NA,NA,NA,NA,NA,NA,NA,NA,NA,NA,NA,NA,NA,,NA,NA,NA,NA,NA,NA,NA,NA,NA,NA,NA,NA,9442867,46.858,40.3,14.799,9.788,17167.967,NA,443.129,5.18,10.5,46.1,NA,11,74.79,0.823,NA,NA,NA
12832,BLZ,17.25,-88.75,North America,Belize,25/09/2021 0:00,19600,0,152.571,402,0,1.857,48405.221,0,376.799,992.801,0,4.587,NA,NA,NA,NA,NA,NA,NA,NA,NA,NA,NA,NA,NA,NA,NA,NA,NA,,NA,NA,NA,NA,NA,NA,NA,NA,NA,NA,NA,NA,404915,16.426,25,3.853,2.279,7824.362,NA,176.957,17.11,NA,NA,90.083,1.3,74.62,0.716,NA,NA,NA
13653,BOL,-17,-65,South America,Bolivia,25/09/2021 0:00,498790,195,262.857,18698,2,6.286,42152.683,16.479,22.214,1580.166,0.169,0.531,NA,NA,NA,NA,NA,NA,NA,NA,NA,NA,NA,NA,NA,NA,NA,NA,NA,,NA,NA,NA,NA,NA,NA,NA,NA,NA,NA,NA,NA,11832936,10.202,25.4,6.704,4.393,6885.829,7.1,204.299,6.89,NA,NA,25.383,1.1,71.51,0.718,NA,NA,NA
14217,BOL,-17,-65,South America,Bolivia,25/09/2021 0:00,498790,195,262.857,18698,2,6.286,42152.683,16.479,22.214,1580.166,0.169,0.531,NA,NA,NA,NA,NA,NA,NA,NA,NA,NA,NA,NA,NA,NA,NA,NA,NA,,NA,NA,NA,NA,NA,NA,NA,NA,NA,NA,NA,NA,11832936,10.202,25.4,6.704,4.393,6885.829,7.1,204.299,6.89,NA,NA,25.383,1.1,71.51,0.718,NA,NA,NA
14984,BRA,-10,-55,South America,Brazil,25/09/2021 0:00,21343304,15688,16139.857,594200,537,527.429,99738.122,73.311,75.422,2776.721,2.509,2.465,NA,NA,NA,NA,NA,NA,NA,NA,NA,NA,NA,NA,NA,NA,NA,NA,NA,,230477848,148959378,86085238,NA,NA,1411550,107.7,69.61,40.23,NA,6596,NA,213993441,25.04,33.5,8.552,5.06,14103.452,3.4,177.961,8.11,10.1,17.9,NA,2.2,75.88,0.765,NA,NA,NA
15150,BRB,13.1667,-59.5333,North America,Barbados,25/09/2021 0:00,7401,169,149,64,0,1,25723.998,587.401,517.886,222.448,0,3.476,NA,NA,NA,NA,NA,NA,NA,NA,NA,NA,NA,NA,NA,NA,NA,NA,NA,,NA,NA,NA,NA,NA,NA,NA,NA,NA,NA,NA,NA,287708,664.463,39.8,14.952,9.473,16978.068,NA,170.05,13.57,1.9,14.5,88.469,5.8,79.19,0.814,NA,NA,NA
15697,BRN,4.5,114.6667,Asia,Brunei,25/09/2021 0:00,5960,0,143.286,33,0,1,13498.455,0,324.519,74.74,0,2.265,NA,NA,NA,NA,NA,NA,NA,NA,NA,NA,NA,NA,NA,NA,NA,NA,NA,,NA,NA,NA,NA,NA,NA,NA,NA,NA,NA,NA,NA,441532,81.347,32.4,4.591,2.382,71809.251,NA,201.285,12.79,2,30.9,NA,2.7,75.86,0.838,NA,NA,NA
16263,BRN,4.5,114.6667,Asia,Brunei,25/09/2021 0:00,5960,0,143.286,33,0,1,13498.455,0,324.519,74.74,0,2.265,NA,NA,NA,NA,NA,NA,NA,NA,NA,NA,NA,NA,NA,NA,NA,NA,NA,,NA,NA,NA,NA,NA,NA,NA,NA,NA,NA,NA,NA,441532,81.347,32.4,4.591,2.382,71809.251,NA,201.285,12.79,2,30.9,NA,2.7,75.86,0.838,NA,NA,NA
17219,BTN,27.5,90.5,Asia,Bhutan,25/09/2021 0:00,2599,0,0.286,3,0,0,3332.479,0,0.366,3.847,0,0,NA,NA,NA,NA,NA,NA,NA,NA,NA,NA,NA,NA,NA,NA,NA,NA,NA,,NA,NA,NA,NA,NA,NA,NA,NA,NA,NA,NA,NA,779900,21.188,28.6,4.885,2.977,8708.597,1.5,217.066,9.75,NA,NA,79.807,1.7,71.78,0.654,NA,NA,NA
17839,BWA,-22,24,Africa,Botswana,25/09/2021 0:00,176427,0,596.429,2360,0,2.429,73595.885,0,248.798,984.465,0,1.013,NA,NA,NA,NA,NA,NA,NA,NA,NA,NA,NA,NA,NA,NA,NA,NA,NA,,NA,NA,NA,NA,NA,NA,NA,NA,NA,NA,NA,NA,2397240,4.044,25.8,3.941,2.242,15807.374,NA,237.372,4.81,5.7,34.4,NA,1.8,69.59,0.735,NA,NA,NA
18048,CAF,7,21,Africa,Central African Republic,25/09/2021 0:00,11371,0,8.857,100,0,0,2311.185,0,1.8,20.325,0,0,NA,NA,NA,NA,NA,NA,NA,NA,NA,NA,NA,NA,NA,NA,NA,NA,NA,,NA,NA,NA,NA,NA,NA,NA,NA,NA,NA,NA,NA,4919987,7.479,18.3,3.655,2.251,661.24,NA,435.727,6.1,NA,NA,16.603,1,53.28,0.397,NA,NA,NA
18903,CAN,60,-95,North America,Canada,25/09/2021 0:00,1608019,1045,4119.714,27690,13,36.571,42240.797,27.451,108.22,727.384,0.341,0.961,NA,NA,NA,NA,NA,NA,NA,NA,NA,NA,NA,NA,NA,NA,NA,NA,NA,,55743735,29027807,26715928,NA,47871,105705,146.43,76.25,70.18,NA,2777,NA,38067913,4.037,41.4,16.984,10.797,44017.591,0.5,105.599,7.37,12,16.6,NA,2.5,82.43,0.929,NA,NA,NA
19252,CHE,47,8,Europe,Switzerland,25/09/2021 0:00,833385,0,1472.429,11043,1,6.286,95621.086,0,168.944,1267.054,0.115,0.721,NA,NA,NA,NA,NA,NA,NA,NA,NA,NA,NA,NA,NA,NA,NA,NA,NA,,NA,NA,NA,NA,NA,NA,NA,NA,NA,NA,NA,44.44,8715494,214.243,43.1,18.436,12.644,57410.166,NA,99.739,5.59,22.6,28.9,NA,4.53,83.78,0.955,NA,NA,NA
19692,CHL,-30,-71,South America,Chile,25/09/2021 0:00,1650985,747,570.143,37432,9,13.286,85933.473,38.881,29.676,1948.329,0.468,0.692,NA,NA,NA,NA,NA,NA,NA,NA,NA,NA,NA,NA,NA,NA,NA,NA,NA,,NA,NA,NA,NA,NA,NA,NA,NA,NA,NA,NA,NA,19212362,24.282,35.4,11.087,6.938,22767.037,1.3,127.993,8.46,34.2,41.5,NA,2.11,80.18,0.851,NA,NA,NA
20786,CHN,35,105,Asia,China,25/09/2021 0:00,96081,30,47,4636,0,0,66.528,0.021,0.033,3.21,0,0,NA,NA,NA,NA,NA,NA,NA,NA,NA,NA,NA,NA,NA,NA,NA,NA,NA,,NA,NA,NA,NA,NA,NA,NA,NA,NA,NA,NA,NA,1444216102,147.674,38.7,10.641,5.929,15308.712,0.7,261.899,9.74,1.9,48.4,NA,4.34,76.91,0.761,NA,NA,NA
20809,CIV,8,-5,Africa,Cote d'Ivoire,25/09/2021 0:00,59778,122,127,593,4,4.571,2209.611,4.51,4.694,21.919,0.148,0.169,NA,NA,NA,NA,NA,NA,NA,NA,NA,NA,NA,NA,NA,NA,NA,NA,NA,,NA,NA,NA,NA,NA,NA,NA,NA,NA,NA,NA,NA,27053629,76.399,18.7,2.933,1.582,3601.006,28.2,303.74,2.42,NA,NA,19.351,NA,57.78,0.538,NA,NA,NA
21373,CIV,8,-5,Africa,Cote d'Ivoire,25/09/2021 0:00,59778,122,127,593,4,4.571,2209.611,4.51,4.694,21.919,0.148,0.169,NA,NA,NA,NA,NA,NA,NA,NA,NA,NA,NA,NA,NA,NA,NA,NA,NA,,NA,NA,NA,NA,NA,NA,NA,NA,NA,NA,NA,NA,27053629,76.399,18.7,2.933,1.582,3601.006,28.2,303.74,2.42,NA,NA,19.351,NA,57.78,0.538,NA,NA,NA
22367,CMR,6,12,Africa,Cameroon,25/09/2021 0:00,85414,0,0,1368,0,0,3137.422,0,0,50.249,0,0,NA,NA,NA,NA,NA,NA,NA,NA,NA,NA,NA,NA,NA,NA,NA,NA,NA,,NA,NA,NA,NA,NA,NA,NA,NA,NA,NA,NA,NA,27224262,50.885,18.8,3.165,1.919,3364.926,23.8,244.661,7.2,NA,NA,2.735,1.3,59.29,0.563,NA,NA,NA
22628,COD,0,25,Africa,Democratic Republic of Congo,25/09/2021 0:00,56617,0,32.857,1083,0,2.143,612.884,0,0.356,11.724,0,0.023,NA,NA,NA,NA,NA,NA,NA,NA,NA,NA,NA,NA,NA,NA,NA,NA,NA,,NA,NA,NA,NA,NA,NA,NA,NA,NA,NA,NA,NA,92377986,35.879,17,3.02,1.745,808.133,77.1,318.949,6.1,NA,NA,4.472,NA,60.68,0.48,NA,NA,NA
23372,COG,-1,15,Africa,Congo,25/09/2021 0:00,14113,0,58.857,191,0,1.143,2494.778,0,10.404,33.763,0,0.202,NA,NA,NA,NA,NA,NA,NA,NA,NA,NA,NA,NA,NA,NA,NA,NA,NA,,NA,NA,NA,NA,NA,NA,NA,NA,NA,NA,NA,NA,5657017,15.405,19,3.402,2.063,4881.406,37,344.094,7.2,1.7,52.3,47.964,NA,64.57,0.574,NA,NA,NA
23836,COL,4,-72,South America,Colombia,25/09/2021 0:00,4950253,1740,1571.714,126102,34,34.571,96560.456,33.941,30.658,2459.767,0.663,0.674,NA,NA,NA,NA,NA,NA,NA,NA,NA,NA,NA,NA,NA,NA,NA,NA,NA,,NA,NA,NA,NA,NA,NA,NA,NA,NA,NA,NA,NA,51265841,44.223,32.2,7.646,4.312,13254.949,4.5,124.24,7.44,4.7,13.5,65.386,1.71,77.29,0.767,NA,NA,NA
24637,COM,-12.1667,44.25,Africa,Comoros,25/09/2021 0:00,4112,0,1.143,147,0,0,4628.254,0,1.286,165.456,0,0,NA,NA,NA,NA,NA,NA,NA,NA,NA,NA,NA,NA,NA,NA,NA,NA,NA,,NA,NA,NA,NA,NA,NA,NA,NA,NA,NA,NA,NA,888456,437.352,20.4,2.963,1.726,1413.89,18.1,261.516,11.88,4.4,23.6,15.574,2.2,64.32,0.554,NA,NA,NA
24862,CPV,16,-24,Africa,Cape Verde,25/09/2021 0:00,37400,45,61.429,334,0,1,66559.768,80.085,109.323,594.411,0,1.78,NA,NA,NA,NA,NA,NA,NA,NA,NA,NA,NA,NA,NA,NA,NA,NA,NA,,NA,NA,NA,NA,NA,NA,NA,NA,NA,NA,NA,NA,561901,135.58,25.7,4.46,3.437,6222.554,NA,182.219,2.42,2.1,16.5,NA,2.1,72.98,0.665,NA,NA,NA
25847,CRI,10,-84,North America,Costa Rica,25/09/2021 0:00,521182,0,2288.429,6189,0,34.286,101415.961,0,445.302,1204.307,0,6.672,NA,NA,NA,NA,NA,NA,NA,NA,NA,NA,NA,NA,NA,NA,NA,NA,NA,,NA,NA,NA,NA,NA,NA,NA,NA,NA,NA,NA,NA,5139053,96.079,33.6,9.468,5.694,15524.995,1.3,137.973,8.78,6.4,17.4,83.841,1.13,80.28,0.81,NA,NA,NA
26326,CUB,21.5,-80,North America,Cuba,25/09/2021 0:00,847494,7513,7794.429,7163,59,61.429,74883.512,663.839,688.706,632.914,5.213,5.428,NA,NA,NA,NA,NA,NA,NA,NA,NA,NA,NA,NA,NA,NA,NA,NA,NA,,NA,NA,NA,NA,NA,NA,NA,NA,NA,NA,NA,NA,11317498,110.408,43.1,14.738,9.719,,NA,190.968,8.27,17.1,53.3,85.198,5.2,78.8,0.783,NA,NA,NA
27183,CYP,35,33,Europe,Cyprus,25/09/2021 0:00,117967,99,210.429,552,1,2.571,132844.973,111.486,236.968,621.618,1.126,2.896,NA,NA,NA,NA,NA,NA,NA,NA,NA,NA,NA,NA,NA,NA,NA,NA,NA,,NA,NA,NA,NA,NA,NA,NA,NA,NA,NA,NA,NA,888005,127.657,37.3,13.416,8.563,32415.132,NA,141.171,9.24,19.6,52.7,NA,3.4,80.98,0.887,NA,NA,NA
27812,CZE,49.75,15.5,Europe,Czechia,25/09/2021 0:00,1688953,496,439.286,30452,1,3.286,157484.699,46.249,40.961,2839.466,0.093,0.306,NA,NA,NA,NA,NA,NA,NA,NA,NA,NA,NA,NA,NA,NA,NA,NA,NA,,NA,NA,NA,NA,NA,NA,NA,NA,NA,NA,NA,NA,10724553,137.176,43.3,19.027,11.58,32605.906,NA,227.485,6.82,30.5,38.3,NA,6.63,79.38,0.9,NA,NA,NA
28175,DEU,51,9,Europe,Germany,25/09/2021 0:00,4199029,6423,7837.714,93398,28,62,50047.74,76.555,93.417,1113.2,0.334,0.739,NA,NA,NA,NA,NA,NA,NA,NA,NA,NA,NA,NA,NA,NA,NA,NA,NA,,NA,NA,NA,NA,NA,NA,NA,NA,NA,NA,NA,NA,83900471,237.016,46.6,21.453,15.957,45229.245,NA,156.139,8.31,28.2,33.1,NA,8,81.33,0.947,NA,NA,NA
28647,DJI,11.5,43,Africa,Djibouti,25/09/2021 0:00,12253,0,41.857,162,0,0.714,12226.139,0,41.765,161.645,0,0.713,NA,NA,NA,NA,NA,NA,NA,NA,NA,NA,NA,NA,NA,NA,NA,NA,NA,,NA,NA,NA,NA,NA,NA,NA,NA,NA,NA,NA,NA,1002197,41.285,25.4,4.213,2.38,2705.406,22.5,258.037,6.05,1.7,24.5,NA,1.4,67.11,0.524,NA,NA,NA
29158,DMA,15.4167,-61.3333,North America,Dominica,25/09/2021 0:00,3197,0,62.714,13,0,0.714,44296.957,0,868.956,180.125,0,9.897,NA,NA,NA,NA,NA,NA,NA,NA,NA,NA,NA,NA,NA,NA,NA,NA,NA,,NA,NA,NA,NA,NA,NA,NA,NA,NA,NA,NA,NA,72172,98.567,,,,9673.367,NA,227.376,11.62,NA,NA,NA,3.8,75,0.742,NA,NA,NA
29923,DNK,56,10,Europe,Denmark,25/09/2021 0:00,358352,375,348,2642,0,2.143,61643.452,64.507,59.863,454.475,0,0.369,NA,NA,NA,NA,NA,NA,NA,NA,NA,NA,NA,NA,NA,NA,NA,NA,NA,,NA,NA,NA,NA,NA,NA,NA,NA,NA,NA,NA,NA,5813302,136.52,42.3,19.677,12.325,46682.515,0.2,114.767,6.41,19.3,18.8,NA,2.5,80.9,0.94,NA,NA,NA
30498,DOM,19,-70.6667,North America,Dominican Republic,25/09/2021 0:00,356934,240,274.429,4035,0,1.143,32585.66,21.91,25.053,368.368,0,0.104,NA,NA,NA,NA,NA,NA,NA,NA,NA,NA,NA,NA,NA,NA,NA,NA,NA,,NA,NA,NA,NA,NA,NA,NA,NA,NA,NA,NA,NA,10953714,222.873,27.6,6.981,4.419,14600.861,1.6,266.653,8.2,8.5,19.1,55.182,1.6,74.08,0.756,NA,NA,NA
31329,DZA,28,3,Africa,Algeria,25/09/2021 0:00,202574,125,164.143,5767,9,12.286,4540.325,2.802,3.679,129.257,0.202,0.275,NA,NA,NA,NA,NA,NA,NA,NA,NA,NA,NA,NA,NA,NA,NA,NA,NA,,NA,NA,NA,NA,NA,NA,NA,NA,NA,NA,NA,NA,44616626,17.348,29.1,6.211,3.857,13913.839,0.5,278.364,6.73,0.7,30.4,83.741,1.9,76.88,0.748,NA,NA,NA
31775,ECU,-2,-77.5,South America,Ecuador,25/09/2021 0:00,507858,0,285.429,32720,0,23,28390.236,0,15.956,1829.111,0,1.286,NA,NA,NA,NA,NA,NA,NA,NA,NA,NA,NA,NA,NA,NA,NA,NA,NA,,NA,NA,NA,NA,NA,NA,NA,NA,NA,NA,NA,NA,17888474,66.939,28.1,7.104,4.458,10581.936,3.6,140.448,5.55,2,12.3,80.635,1.5,77.01,0.759,NA,NA,NA
32509,EGY,27,30,Africa,Egypt,25/09/2021 0:00,300945,667,667,17149,39,28.286,2886.532,6.398,6.398,164.486,0.374,0.271,NA,NA,NA,NA,NA,NA,NA,NA,NA,NA,NA,NA,NA,NA,NA,NA,NA,,NA,NA,NA,NA,NA,NA,NA,NA,NA,NA,NA,NA,104258327,97.999,25.3,5.159,2.891,10550.206,1.3,525.432,17.31,0.2,50.1,89.827,1.6,71.99,0.707,NA,NA,NA
33001,ERI,15,39,Africa,Eritrea,25/09/2021 0:00,6694,9,3.286,42,0,0.286,1858.69,2.499,0.912,11.662,0,0.079,NA,NA,NA,NA,NA,NA,NA,NA,NA,NA,NA,NA,NA,NA,NA,NA,NA,,NA,NA,NA,NA,NA,NA,NA,NA,NA,NA,NA,NA,3601462,44.304,19.3,3.607,2.171,1510.459,NA,311.11,6.05,0.2,11.4,NA,0.7,66.32,0.459,NA,NA,NA
33184,ESP,40,-4,Europe,Spain,25/09/2021 0:00,4946601,0,2436.429,86229,0,63.714,105820.487,0,52.121,1844.66,0,1.363,NA,NA,NA,NA,NA,NA,NA,NA,NA,NA,NA,NA,NA,NA,NA,NA,NA,,NA,NA,NA,NA,NA,NA,NA,NA,NA,NA,NA,NA,46745211,93.105,45.5,19.436,13.799,34272.36,1,99.403,7.17,27.4,31.4,NA,2.97,83.56,0.904,NA,NA,NA
33791,EST,59,26,Europe,Estonia,25/09/2021 0:00,153071,642,536.714,1343,0,2.571,115508.894,484.46,405.01,1013.441,0,1.94,NA,NA,NA,NA,NA,NA,NA,NA,NA,NA,NA,NA,NA,NA,NA,NA,NA,,NA,NA,NA,NA,NA,NA,NA,NA,NA,NA,NA,NA,1325188,31.033,42.7,19.452,13.491,29481.252,0.5,255.569,4.02,24.5,39.3,NA,4.69,78.74,0.892,NA,NA,NA
34510,ETH,8,38,Africa,Ethiopia,25/09/2021 0:00,340845,1187,1263.143,5369,38,36.286,2891.55,10.07,10.716,45.548,0.322,0.308,NA,NA,NA,NA,NA,NA,NA,NA,NA,NA,NA,NA,NA,NA,NA,NA,NA,,NA,NA,NA,NA,NA,NA,NA,NA,NA,NA,NA,NA,117876226,104.957,19.8,3.526,2.063,1729.927,26.7,182.634,7.47,0.4,8.5,7.96,0.3,66.6,0.485,NA,NA,NA
35377,FIN,64,26,Europe,Finland,25/09/2021 0:00,138578,0,338.857,1066,1,2,24976.385,0,61.073,192.129,0.18,0.36,NA,NA,NA,NA,NA,NA,NA,NA,NA,NA,NA,NA,NA,NA,NA,NA,NA,,7490200,4121156,3369044,NA,NA,18753,135,74.28,60.72,NA,3380,NA,5548361,18.136,42.8,21.228,13.264,40585.721,NA,153.507,5.76,18.3,22.6,NA,3.28,81.91,0.938,NA,NA,NA
35613,FJI,-18,175,Oceania,Fiji,25/09/2021 0:00,50701,161,117.286,590,6,3.429,56153.568,178.315,129.899,653.451,6.645,3.797,NA,NA,NA,NA,NA,NA,NA,NA,NA,NA,NA,NA,NA,NA,NA,NA,NA,,NA,NA,NA,NA,NA,NA,NA,NA,NA,NA,NA,NA,902899,49.562,28.6,6.224,3.284,8702.975,1.4,412.82,14.49,10.2,34.8,NA,2.3,67.44,0.743,NA,NA,NA
36178,FRA,46,2,Europe,France,25/09/2021 0:00,7080675,5370,6106.286,117157,10,70.714,104799.134,79.48,90.377,1734.009,0.148,1.047,NA,NA,NA,NA,NA,NA,NA,NA,NA,NA,NA,NA,NA,NA,NA,NA,NA,,NA,NA,NA,NA,NA,NA,NA,NA,NA,NA,NA,58.33,67564251,122.578,42,19.718,13.079,38605.671,NA,86.06,4.77,30.1,35.6,NA,5.98,82.66,0.901,NA,NA,NA
36994,FSM,6.9167,158.25,Oceania,Micronesia (country),25/09/2021 0:00,1,0,0,NA,NA,0,8.602,0,0,NA,NA,0,NA,NA,NA,NA,NA,NA,NA,NA,NA,NA,NA,NA,NA,NA,NA,NA,NA,,NA,NA,NA,NA,NA,NA,NA,NA,NA,NA,NA,NA,116255,150.777,23,4.81,2.392,3299.464,16,454.343,12.02,NA,NA,NA,NA,67.88,0.62,NA,NA,NA
37459,GAB,-1,11.75,Africa,Gabon,25/09/2021 0:00,29126,0,211.857,178,0,0.429,12781.126,0,92.968,78.11,0,0.188,NA,NA,NA,NA,NA,NA,NA,NA,NA,NA,NA,NA,NA,NA,NA,NA,NA,,NA,NA,NA,NA,NA,NA,NA,NA,NA,NA,NA,NA,2278829,7.859,23.1,4.45,2.976,16562.413,3.4,259.967,7.2,NA,NA,NA,6.3,66.47,0.703,NA,NA,NA
38383,GBR,54,-2,Europe,United Kingdom,25/09/2021 0:00,7667290,29976,33113.857,136465,129,141,112411.881,439.485,485.49,2000.744,1.891,2.067,NA,NA,NA,NA,NA,NA,NA,NA,NA,NA,NA,NA,NA,NA,NA,NA,NA,,NA,NA,NA,NA,NA,NA,NA,NA,NA,NA,NA,NA,68207114,272.898,40.8,18.517,12.527,39753.244,0.2,122.137,4.28,20,24.7,NA,2.54,81.32,0.932,NA,NA,NA
38846,GEO,42,43.5,Asia,Georgia,25/09/2021 0:00,605360,1597,1656.714,8787,38,41.286,152109.178,401.279,416.284,2207.915,9.548,10.374,NA,NA,NA,NA,NA,NA,NA,NA,NA,NA,NA,NA,NA,NA,NA,NA,NA,,1729672,967441,762231,NA,NA,12792,43.46,24.31,19.15,NA,3214,NA,3979773,65.032,38.7,14.864,10.244,9745.079,4.2,496.218,7.11,5.3,55.5,NA,2.6,73.77,0.812,NA,NA,NA
39757,GHA,8,-2,Africa,Ghana,25/09/2021 0:00,126621,308,230.857,1146,4,4,3990.309,9.706,7.275,36.115,0.126,0.126,NA,NA,NA,NA,NA,NA,NA,NA,NA,NA,NA,NA,NA,NA,NA,NA,NA,,NA,NA,NA,NA,NA,NA,NA,NA,NA,NA,NA,NA,31732128,126.719,21.1,3.385,1.948,4227.63,12,298.245,4.97,0.3,7.7,41.047,0.9,64.07,0.611,NA,NA,NA
40508,GIN,11,-10,Africa,Guinea,25/09/2021 0:00,30348,5,30.286,377,1,1,2248.46,0.37,2.244,27.932,0.074,0.074,NA,NA,NA,NA,NA,NA,NA,NA,NA,NA,NA,NA,NA,NA,NA,NA,NA,,NA,NA,NA,NA,NA,NA,NA,NA,NA,NA,NA,NA,13497237,51.755,19,3.135,1.733,1998.926,35.3,336.717,2.42,NA,NA,17.45,0.3,61.6,0.477,NA,NA,NA
40822,GMB,13.4667,-16.5667,Africa,Gambia,25/09/2021 0:00,9911,0,6.286,335,0,0.714,3985.224,0,2.527,134.704,0,0.287,NA,NA,NA,NA,NA,NA,NA,NA,NA,NA,NA,NA,NA,NA,NA,NA,NA,,NA,NA,NA,NA,NA,NA,NA,NA,NA,NA,NA,NA,2486937,207.566,17.5,2.339,1.417,1561.767,10.1,331.43,1.91,0.7,31.2,7.876,1.1,62.05,0.496,NA,NA,NA
41491,GNB,12,-15,Africa,Guinea-Bissau,25/09/2021 0:00,6099,0,3,135,0,0.714,3026.063,0,1.488,66.981,0,0.354,NA,NA,NA,NA,NA,NA,NA,NA,NA,NA,NA,NA,NA,NA,NA,NA,NA,,NA,NA,NA,NA,NA,NA,NA,NA,NA,NA,NA,NA,2015490,66.191,19.4,3.002,1.565,1548.675,67.1,382.474,2.42,NA,NA,6.403,NA,58.32,0.48,NA,NA,NA
42171,GNQ,2,10,Africa,Equatorial Guinea,25/09/2021 0:00,11806,0,106.143,142,0,0.714,8142.681,0,73.207,97.938,0,0.493,NA,NA,NA,NA,NA,NA,NA,NA,NA,NA,NA,NA,NA,NA,NA,NA,NA,,NA,NA,NA,NA,NA,NA,NA,NA,NA,NA,NA,NA,1449891,45.194,22.4,2.846,1.752,22604.873,NA,202.812,7.78,NA,NA,24.64,2.1,58.74,0.592,NA,NA,NA
42760,GRC,39,22,Europe,Greece,25/09/2021 0:00,644869,1814,2195.857,14655,16,31.714,62181.538,174.915,211.736,1413.109,1.543,3.058,NA,NA,NA,NA,NA,NA,NA,NA,NA,NA,NA,NA,NA,NA,NA,NA,NA,,12041227,6417065,6055656,NA,29813,23117,116.11,61.88,58.39,NA,2229,NA,10370747,83.479,45.3,20.396,14.524,24574.382,1.5,175.695,4.55,35.3,52,NA,4.21,82.24,0.888,NA,NA,NA
42949,GRD,12.1167,-61.6667,North America,Grenada,25/09/2021 0:00,4766,0,182.286,105,0,8.143,42171.393,0,1612.934,929.08,0,72.051,NA,NA,NA,NA,NA,NA,NA,NA,NA,NA,NA,NA,NA,NA,NA,NA,NA,,NA,NA,NA,NA,NA,NA,NA,NA,NA,NA,NA,NA,113015,317.132,29.4,7.304,5.021,13593.877,NA,243.964,10.71,NA,NA,NA,3.7,72.4,0.779,NA,NA,NA
44183,GTM,15.5,-90.25,North America,Guatemala,25/09/2021 0:00,548604,2808,2859.429,13331,48,47.429,30060.711,153.864,156.682,730.471,2.63,2.599,NA,NA,NA,NA,NA,NA,NA,NA,NA,NA,NA,NA,NA,NA,NA,NA,NA,,NA,NA,NA,NA,NA,NA,NA,NA,NA,NA,NA,NA,18249868,157.834,22.9,4.694,3.016,7423.808,8.7,155.898,10.18,NA,NA,76.665,0.6,74.3,0.663,NA,NA,NA
44582,GUY,5,-59,South America,Guyana,25/09/2021 0:00,30907,211,223.143,754,5,5.857,39106.499,266.977,282.342,954.033,6.326,7.411,NA,NA,NA,NA,NA,NA,NA,NA,NA,NA,NA,NA,NA,NA,NA,NA,NA,,NA,NA,NA,NA,NA,NA,NA,NA,NA,NA,NA,NA,790329,3.952,26.3,5.305,2.837,7435.047,NA,373.159,11.62,NA,NA,77.159,1.6,69.91,0.682,NA,NA,NA
45398,HKG,22.25,114.1667,Asia,Hong Kong,25/09/2021 0:00,12185,9,4,213,0,0,1613.309,1.192,0.53,28.201,0,0,NA,NA,NA,NA,NA,NA,NA,NA,NA,NA,NA,NA,NA,NA,NA,NA,NA,,8550389,4451429,4098960,NA,39018,27685,113.21,58.94,54.27,NA,3666,NA,7552800,7039.714,44.8,16.303,10.158,56054.92,NA,NA,8.33,NA,NA,NA,NA,84.86,0.949,NA,NA,NA
45550,HND,15,-86.5,North America,Honduras,25/09/2021 0:00,363017,0,766.143,9679,0,26.857,36074.453,0,76.135,961.841,0,2.669,NA,NA,NA,NA,NA,NA,NA,NA,NA,NA,NA,NA,NA,NA,NA,NA,NA,,NA,NA,NA,NA,NA,NA,NA,NA,NA,NA,NA,NA,10062994,82.805,24.9,4.652,2.883,4541.795,16,240.208,7.21,2,NA,84.169,0.7,75.27,0.634,NA,NA,NA
46523,HRV,45.1667,15.5,Europe,Croatia,25/09/2021 0:00,399054,1293,1135,8580,14,12.429,97767.647,316.783,278.073,2102.087,3.43,3.045,NA,NA,NA,NA,NA,NA,NA,NA,NA,NA,NA,NA,NA,NA,NA,NA,NA,,NA,NA,NA,NA,NA,NA,NA,NA,NA,NA,NA,NA,4081657,73.726,44,19.724,13.053,22669.797,0.7,253.782,5.59,34.3,39.9,NA,5.54,78.49,0.851,NA,NA,NA
46770,HTI,19,-72.4167,North America,Haiti,25/09/2021 0:00,21486,0,22.286,607,0,1.571,1861.6,0,1.931,52.592,0,0.136,NA,NA,NA,NA,NA,NA,NA,NA,NA,NA,NA,NA,NA,NA,NA,NA,NA,,NA,NA,NA,NA,NA,NA,NA,NA,NA,NA,NA,NA,11541683,398.448,24.3,4.8,2.954,1653.173,23.5,430.548,6.65,2.9,23.1,22.863,0.7,64,0.51,NA,NA,NA
47500,HUN,47,20,Europe,Hungary,25/09/2021 0:00,820078,0,417,30151,0,4,85121.882,0,43.283,3129.592,0,0.415,NA,NA,NA,NA,NA,NA,NA,NA,NA,NA,NA,NA,NA,NA,NA,NA,NA,,NA,NA,NA,NA,NA,NA,NA,NA,NA,NA,NA,NA,9634162,108.043,43.4,18.577,11.976,26777.561,0.5,278.296,7.55,26.8,34.8,NA,7.02,76.88,0.854,NA,NA,NA
47833,IDN,-5,120,Asia,Indonesia,25/09/2021 0:00,4206253,2137,2532,141381,123,151.143,15220.096,7.733,9.162,511.579,0.445,0.547,NA,NA,NA,NA,NA,NA,NA,NA,NA,NA,NA,NA,NA,NA,NA,NA,NA,,133429623,85433518,47996105,NA,637352,1453219,48.28,30.91,17.37,NA,5258,NA,276361788,145.725,29.3,5.319,3.053,11188.744,5.7,342.864,6.32,2.8,76.1,64.204,1.04,71.72,0.718,NA,NA,NA
48810,IND,20,77,Asia,India,25/09/2021 0:00,33624419,0,25179.429,446658,0,260,24131.047,0,18.07,320.551,0,0.187,NA,NA,NA,NA,NA,NA,NA,NA,NA,NA,NA,NA,NA,NA,NA,NA,NA,,852156699,629574531,222582168,NA,4502882,8020226,61.16,45.18,15.97,NA,5756,NA,1393409033,450.419,28.2,5.989,3.414,6426.674,21.2,282.28,10.39,1.9,20.6,59.55,0.53,69.66,0.645,NA,NA,NA
49496,IRL,53,-8,Europe,Ireland,25/09/2021 0:00,383218,1335,1296.429,5209,0,4.286,76906.559,267.916,260.175,1045.374,0,0.86,NA,NA,NA,NA,NA,NA,NA,NA,NA,NA,NA,NA,NA,NA,NA,NA,NA,,NA,NA,NA,NA,NA,NA,NA,NA,NA,NA,NA,NA,4982904,69.874,38.7,13.928,8.678,67335.293,0.2,126.459,3.28,23,25.7,NA,2.96,82.3,0.955,NA,NA,NA
50201,IRN,32,53,Asia,Iran,25/09/2021 0:00,5519728,10843,15838.286,119082,290,327.286,64916.012,127.522,186.27,1400.491,3.411,3.849,NA,NA,NA,NA,NA,NA,NA,NA,NA,NA,NA,NA,NA,NA,NA,NA,NA,,NA,NA,NA,NA,NA,NA,NA,NA,NA,NA,NA,NA,85028760,49.831,32.4,5.44,3.182,19082.62,0.2,270.308,9.59,0.8,21.1,NA,1.5,76.68,0.783,NA,NA,NA
50532,IRQ,33,44,Asia,Iraq,25/09/2021 0:00,1991628,1312,2703.286,22072,33,42.429,48364.725,31.861,65.647,535.997,0.801,1.03,NA,NA,NA,NA,NA,NA,NA,NA,NA,NA,NA,NA,NA,NA,NA,NA,NA,,NA,NA,NA,NA,NA,NA,NA,NA,NA,NA,NA,NA,41179351,88.125,20,3.186,1.957,15663.986,2.5,218.612,8.83,NA,NA,94.576,1.4,70.6,0.674,NA,NA,NA
51000,ISL,65,-18,Europe,Iceland,25/09/2021 0:00,11632,0,32.571,33,0,0,33876.98,0,94.861,96.109,0,0,NA,NA,NA,NA,NA,NA,NA,NA,NA,NA,NA,NA,NA,NA,NA,NA,NA,,NA,NA,NA,NA,NA,NA,NA,NA,NA,NA,NA,NA,343360,3.404,37.3,14.431,9.207,46482.958,0.2,117.992,5.31,14.3,15.2,NA,2.91,82.99,0.949,NA,NA,NA
51575,ISR,31.5,34.75,Asia,Israel,25/09/2021 0:00,1262945,6345,6078.286,7649,38,19.714,143683.411,721.861,691.518,870.216,4.323,2.243,NA,NA,NA,NA,NA,NA,NA,NA,NA,NA,NA,NA,NA,NA,NA,NA,NA,,14884415,6085965,5611185,3187265,11459,29151,169.34,69.24,63.84,36.26,3316,NA,8789776,402.606,30.6,11.733,7.359,33132.32,0.5,93.32,6.74,15.4,35.4,NA,2.99,82.97,0.919,NA,NA,NA
52423,ITA,42.8333,12.8333,Europe,Italy,25/09/2021 0:00,4657215,3519,3562.857,130653,50,52.714,77147.757,58.293,59.019,2164.295,0.828,0.873,NA,NA,NA,NA,NA,NA,NA,NA,NA,NA,NA,NA,NA,NA,NA,NA,NA,,83857158,44817914,40467497,42136,187587,219780,138.91,74.24,67.04,0.07,3641,NA,60367471,205.859,47.9,23.021,16.24,35220.084,2,113.151,4.78,19.8,27.8,NA,3.18,83.51,0.892,NA,NA,NA
52864,JAM,18.25,-77.5,North America,Jamaica,25/09/2021 0:00,82349,521,460.286,1824,3,6.714,27694.654,175.217,154.798,613.426,1.009,2.258,NA,NA,NA,NA,NA,NA,NA,NA,NA,NA,NA,NA,NA,NA,NA,NA,NA,,NA,NA,NA,NA,NA,NA,NA,NA,NA,NA,NA,NA,2973462,266.879,31.4,9.684,6.39,8193.571,NA,206.537,11.28,5.3,28.6,66.425,1.7,74.47,0.734,NA,NA,NA
53753,JOR,31,36,Asia,Jordan,25/09/2021 0:00,818796,438,873.571,10669,16,9,79734.565,42.653,85.069,1038.95,1.558,0.876,NA,NA,NA,NA,NA,NA,NA,NA,NA,NA,NA,NA,NA,NA,NA,NA,NA,,6903943,3668113,3235830,NA,17397,16797,67.23,35.72,31.51,NA,1636,NA,10269022,109.285,23.2,3.81,2.361,8337.49,0.1,208.257,11.75,NA,NA,NA,1.4,74.53,0.729,NA,NA,NA
54483,JPN,36,138,Asia,Japan,25/09/2021 0:00,1693690,2703,2715.143,17475,33,41.714,13436.567,21.444,21.54,138.635,0.262,0.331,NA,NA,NA,NA,NA,NA,NA,NA,NA,NA,NA,NA,NA,NA,NA,NA,NA,,NA,NA,NA,NA,NA,NA,NA,NA,NA,NA,NA,NA,126050796,347.778,48.2,27.049,18.493,39002.223,NA,79.37,5.72,11.2,33.7,NA,13.05,84.63,0.919,NA,NA,NA
54799,KAZ,48,68,Asia,Kazakhstan,25/09/2021 0:00,952385,2379,2562.286,15503,0,67.429,50138.832,125.244,134.893,816.164,0,3.55,NA,NA,NA,NA,NA,NA,NA,NA,NA,NA,NA,NA,NA,NA,NA,NA,NA,,13853000,7483978,6369022,NA,77246,69259,72.93,39.4,33.53,NA,3646,NA,18994958,6.681,30.6,6.991,4.625,24055.588,0.1,466.792,7.11,7,43.1,98.999,6.7,73.6,0.825,NA,NA,NA
55250,KEN,1,38,Africa,Kenya,25/09/2021 0:00,248392,323,299.429,5096,14,16.571,4517.393,5.874,5.446,92.679,0.255,0.301,NA,NA,NA,NA,NA,NA,NA,NA,NA,NA,NA,NA,NA,NA,NA,NA,NA,,NA,NA,NA,NA,NA,NA,NA,NA,NA,NA,NA,NA,54985702,87.324,20,2.686,1.528,2993.028,36.8,218.637,2.92,1.2,20.4,24.651,1.4,66.7,0.601,NA,NA,NA
55999,KGZ,41,75,Asia,Kyrgyzstan,25/09/2021 0:00,178202,79,78.429,2599,2,1.857,26884.833,11.919,11.832,392.104,0.302,0.28,NA,NA,NA,NA,NA,NA,NA,NA,NA,NA,NA,NA,NA,NA,NA,NA,NA,,1401008,803094,593266,NA,2022,10001,21.14,12.12,8.95,NA,1509,NA,6628347,32.333,26.3,4.489,2.882,3393.474,1.4,436.362,7.11,3.6,50.5,89.22,4.5,71.45,0.697,NA,NA,NA
56610,KHM,13,105,Asia,Cambodia,25/09/2021 0:00,108257,816,682.143,2218,21,17.429,6388.183,48.152,40.253,130.883,1.239,1.028,NA,NA,NA,NA,NA,NA,NA,NA,NA,NA,NA,NA,NA,NA,NA,NA,NA,,NA,NA,NA,NA,NA,NA,NA,NA,NA,NA,NA,NA,16946446,90.672,25.6,4.412,2.385,3645.07,NA,270.892,4,2,33.7,66.229,0.8,69.82,0.594,NA,NA,NA
56853,KIR,1.4167,173,Oceania,Kiribati,25/09/2021 0:00,2,0,0,NA,NA,0,16.476,0,0,NA,NA,0,NA,NA,NA,NA,NA,NA,NA,NA,NA,NA,NA,NA,NA,NA,NA,NA,NA,,NA,NA,NA,NA,NA,NA,NA,NA,NA,NA,NA,NA,121388,143.701,23.2,3.895,2.21,1981.132,NA,434.657,22.66,35.9,58.9,NA,1.9,68.37,0.63,NA,NA,NA
57387,KNA,17.3333,-62.75,North America,Saint Kitts and Nevis,25/09/2021 0:00,1800,38,24,10,0,0.143,33615.956,709.67,448.213,186.755,0,2.668,NA,NA,NA,NA,NA,NA,NA,NA,NA,NA,NA,NA,NA,NA,NA,NA,NA,,NA,NA,NA,NA,NA,NA,NA,NA,NA,NA,NA,NA,53546,212.865,,,,24654.385,NA,NA,12.84,NA,NA,NA,2.3,76.23,0.779,NA,NA,NA
57596,KOR,37,127.5,Asia,South Korea,25/09/2021 0:00,301172,2770,2177.286,2450,9,6.571,5870.206,53.991,42.438,47.753,0.175,0.128,NA,NA,NA,NA,NA,NA,NA,NA,NA,NA,NA,NA,NA,NA,NA,NA,NA,,NA,NA,NA,NA,NA,NA,NA,NA,NA,NA,NA,NA,51305184,527.967,43.4,13.914,8.622,35938.374,0.2,85.998,6.8,6.2,40.9,NA,12.27,83.03,0.916,NA,NA,NA
58210,KOR,37,127.5,Asia,South Korea,25/09/2021 0:00,301172,2770,2177.286,2450,9,6.571,5870.206,53.991,42.438,47.753,0.175,0.128,NA,NA,NA,NA,NA,NA,NA,NA,NA,NA,NA,NA,NA,NA,NA,NA,NA,,NA,NA,NA,NA,NA,NA,NA,NA,NA,NA,NA,NA,51305184,527.967,43.4,13.914,8.622,35938.374,0.2,85.998,6.8,6.2,40.9,NA,12.27,83.03,0.916,NA,NA,NA
59092,KWT,29.3375,47.6581,Asia,Kuwait,25/09/2021 0:00,411447,41,46.143,2445,1,1,95054.167,9.472,10.66,564.854,0.231,0.231,NA,NA,NA,NA,NA,NA,NA,NA,NA,NA,NA,NA,NA,NA,NA,NA,NA,,NA,NA,NA,NA,NA,NA,NA,NA,NA,NA,NA,NA,4328553,232.128,33.7,2.345,1.114,65530.537,NA,132.235,15.84,2.7,37,NA,2,75.49,0.806,NA,NA,NA
59647,LAO,18,105,Asia,Laos,25/09/2021 0:00,21527,447,387.571,16,0,0,2917.191,60.574,52.521,2.168,0,0,NA,NA,NA,NA,NA,NA,NA,NA,NA,NA,NA,NA,NA,NA,NA,NA,NA,,NA,NA,NA,NA,NA,NA,NA,NA,NA,NA,NA,NA,7379358,29.715,24.4,4.029,2.322,6397.36,22.7,368.111,4,7.3,51.2,49.839,1.5,67.92,0.613,NA,NA,NA
60351,LBN,33.8333,35.8333,Asia,Lebanon,25/09/2021 0:00,621735,580,581.857,8277,9,6.429,91848.298,85.683,85.957,1222.753,1.33,0.95,NA,NA,NA,NA,NA,NA,NA,NA,NA,NA,NA,NA,NA,NA,NA,NA,NA,,2810023,1550755,1259268,NA,988,14867,41.51,22.91,18.6,NA,2196,NA,6769151,594.561,31.1,8.514,5.43,13367.565,NA,266.591,12.71,26.9,40.7,NA,2.9,78.93,0.744,NA,NA,NA
60785,LBR,6.5,-9.5,Africa,Liberia,25/09/2021 0:00,5792,-123,-16,283,0,0,1118.102,-23.744,-3.089,54.631,0,0,NA,NA,NA,NA,NA,NA,NA,NA,NA,NA,NA,NA,NA,NA,NA,NA,NA,,NA,NA,NA,NA,NA,NA,NA,NA,NA,NA,NA,NA,5180208,49.127,19.2,3.057,1.756,752.788,38.6,272.509,2.42,1.5,18.1,1.188,0.8,64.1,0.48,NA,NA,NA
61356,LBY,25,17,Africa,Libya,25/09/2021 0:00,335991,0,881,4588,0,14,48284.712,0,126.607,659.334,0,2.012,NA,NA,NA,NA,NA,NA,NA,NA,NA,NA,NA,NA,NA,NA,NA,NA,NA,,NA,NA,NA,NA,NA,NA,NA,NA,NA,NA,NA,NA,6958538,3.623,29,4.424,2.816,17881.509,NA,341.862,10.43,NA,NA,NA,3.7,72.91,0.724,NA,NA,NA
61927,LBY,25,17,Africa,Libya,25/09/2021 0:00,335991,0,881,4588,0,14,48284.712,0,126.607,659.334,0,2.012,NA,NA,NA,NA,NA,NA,NA,NA,NA,NA,NA,NA,NA,NA,NA,NA,NA,,NA,NA,NA,NA,NA,NA,NA,NA,NA,NA,NA,NA,6958538,3.623,29,4.424,2.816,17881.509,NA,341.862,10.43,NA,NA,NA,3.7,72.91,0.724,NA,NA,NA
62589,LCA,13.8833,-61.1333,North America,Saint Lucia,25/09/2021 0:00,11053,92,93.429,183,2,4.714,59940.022,498.913,506.66,992.402,10.846,25.565,NA,NA,NA,NA,NA,NA,NA,NA,NA,NA,NA,NA,NA,NA,NA,NA,NA,,75827,44872,30955,NA,828,494,41.12,24.33,16.79,NA,2679,NA,184401,293.187,34.9,9.721,6.405,12951.839,NA,204.62,11.62,NA,NA,87.202,1.3,76.2,0.759,NA,NA,NA
63264,LIE,47.1667,9.5333,Europe,Liechtenstein,25/09/2021 0:00,3439,0,4.857,60,0,0,89899.096,0,126.971,1568.463,0,0,NA,NA,NA,NA,NA,NA,NA,NA,NA,NA,NA,NA,NA,NA,NA,NA,NA,,NA,NA,NA,NA,NA,NA,NA,NA,NA,NA,NA,NA,38254,237.012,,,,,NA,NA,7.77,NA,NA,NA,2.397,82.49,0.919,NA,NA,NA
63847,LKA,7,81,Asia,Sri Lanka,25/09/2021 0:00,512531,1159,1396.143,12609,79,83.857,23841.639,53.914,64.945,586.539,3.675,3.901,NA,NA,NA,NA,NA,NA,NA,NA,NA,NA,NA,NA,NA,NA,NA,NA,NA,,25813491,14302376,11511115,NA,223613,160630,120.08,66.53,53.55,NA,7472,NA,21497306,341.955,34.1,10.069,5.331,11669.077,0.7,197.093,10.68,0.3,27,NA,3.6,76.98,0.782,NA,NA,NA
64170,LSO,-29.5,28.5,Africa,Lesotho,25/09/2021 0:00,14395,0,0,403,0,0,6667.232,0,0,186.655,0,0,NA,NA,NA,NA,NA,NA,NA,NA,NA,NA,NA,NA,NA,NA,NA,NA,NA,,NA,NA,NA,NA,NA,NA,NA,NA,NA,NA,NA,NA,2159067,73.562,22.2,4.506,2.647,2851.153,59.6,405.126,3.94,0.4,53.9,2.117,NA,54.33,0.527,NA,NA,NA
64502,LTU,56,24,Europe,Lithuania,25/09/2021 0:00,324329,1609,1323.286,4896,11,17,120574.587,598.172,491.953,1820.168,4.089,6.32,NA,NA,NA,NA,NA,NA,NA,NA,NA,NA,NA,NA,NA,NA,NA,NA,NA,,NA,NA,NA,NA,NA,NA,NA,NA,NA,NA,NA,NA,2689862,45.135,43.5,19.002,13.778,29524.265,0.7,342.989,3.67,21.3,38,NA,6.56,75.93,0.882,NA,NA,NA
65326,LUX,49.75,6.1667,Europe,Luxembourg,25/09/2021 0:00,77762,0,81.857,835,0,0.143,122495.723,0,128.947,1315.346,0,0.225,NA,NA,NA,NA,NA,NA,NA,NA,NA,NA,NA,NA,NA,NA,NA,NA,NA,,NA,NA,NA,NA,NA,NA,NA,NA,NA,NA,NA,NA,634814,231.447,39.7,14.312,9.842,94277.965,0.2,128.275,4.42,20.9,26,NA,4.51,82.25,0.916,NA,NA,NA
65788,LVA,57,25,Europe,Latvia,25/09/2021 0:00,154219,816,580.429,2682,7,6,82605.491,437.08,310.899,1436.58,3.749,3.214,NA,NA,NA,NA,NA,NA,NA,NA,NA,NA,NA,NA,NA,NA,NA,NA,NA,,NA,NA,NA,NA,NA,NA,NA,NA,NA,NA,NA,NA,1866934,31.212,43.9,19.754,14.136,25063.846,0.7,350.06,4.91,25.6,51,NA,5.57,75.29,0.866,NA,NA,NA
66882,MAR,32,-5,Africa,Morocco,25/09/2021 0:00,928571,1444,1492.143,14132,30,36.571,24864.809,38.667,39.956,378.42,0.803,0.979,NA,NA,NA,NA,NA,NA,NA,NA,NA,NA,NA,NA,NA,NA,NA,NA,NA,,NA,NA,NA,NA,NA,NA,NA,NA,NA,NA,NA,NA,37344787,80.08,29.6,6.769,4.209,7485.013,1,419.146,7.14,0.8,47.1,NA,1.1,76.68,0.686,NA,NA,NA
67542,MCO,43.7333,7.4,Europe,Monaco,25/09/2021 0:00,3303,1,1.857,33,0,0,83577.935,25.304,46.992,835.02,0,0,NA,NA,NA,NA,NA,NA,NA,NA,NA,NA,NA,NA,NA,NA,NA,NA,NA,,NA,NA,NA,NA,NA,NA,NA,NA,NA,NA,NA,NA,39520,19347.5,,,,,NA,NA,5.46,NA,NA,NA,13.8,86.75,NA,NA,NA,NA
68025,MDA,47,29,Europe,Moldova,25/09/2021 0:00,288377,647,1023,6679,14,13.286,71663.819,160.784,254.223,1659.781,3.479,3.302,NA,NA,NA,NA,NA,NA,NA,NA,NA,NA,NA,NA,NA,NA,NA,NA,NA,,NA,NA,NA,NA,NA,NA,NA,NA,NA,NA,NA,NA,4024025,123.655,37.6,10.864,6.955,5189.972,0.2,408.502,5.72,5.9,44.6,86.979,5.8,71.9,0.75,NA,NA,NA
68540,MDG,-20,47,Africa,Madagascar,25/09/2021 0:00,42898,0,0,958,0,0,1509.041,0,0,33.7,0,0,NA,NA,NA,NA,NA,NA,NA,NA,NA,NA,NA,NA,NA,NA,NA,NA,NA,,NA,NA,NA,NA,NA,NA,NA,NA,NA,NA,NA,NA,28427333,43.951,19.6,2.929,1.686,1416.44,77.6,405.994,3.94,NA,NA,50.54,0.2,67.04,0.528,NA,NA,NA
69146,MDV,3.25,73,Asia,Maldives,25/09/2021 0:00,84290,126,113.714,231,1,0.286,155053.162,231.78,209.18,424.929,1.84,0.526,NA,NA,NA,NA,NA,NA,NA,NA,NA,NA,NA,NA,NA,NA,NA,NA,NA,,NA,NA,NA,NA,NA,NA,NA,NA,NA,NA,NA,NA,543620,1454.433,30.6,4.12,2.875,15183.616,NA,164.905,9.19,2.1,55,95.803,NA,78.92,0.74,NA,NA,NA
69660,MEX,23,-102,North America,Mexico,25/09/2021 0:00,3619115,0,9447.429,274703,0,595,27783.305,0,72.526,2108.846,0,4.568,NA,NA,NA,NA,NA,NA,NA,NA,NA,NA,NA,NA,NA,NA,NA,NA,NA,,NA,NA,NA,NA,NA,NA,NA,NA,NA,NA,NA,NA,130262220,66.444,29.3,6.857,4.321,17336.469,2.5,152.783,13.06,6.9,21.4,87.847,1.38,75.05,0.779,NA,NA,NA
70157,MHL,9,168,Oceania,Marshall Islands,25/09/2021 0:00,4,0,0,NA,NA,0,67.094,0,0,NA,NA,0,NA,NA,NA,NA,NA,NA,NA,NA,NA,NA,NA,NA,NA,NA,NA,NA,NA,,NA,NA,NA,NA,NA,NA,NA,NA,NA,NA,NA,NA,59618,295.15,,,,3819.202,NA,557.793,30.53,NA,NA,82.502,2.7,73.7,0.704,NA,NA,NA
70345,MKD,41.8333,22,Europe,North Macedonia,25/09/2021 0:00,189551,392,428.857,6577,20,20,91013.852,188.221,205.918,3157.979,9.603,9.603,NA,NA,NA,NA,NA,NA,NA,NA,NA,NA,NA,NA,NA,NA,NA,NA,NA,,NA,NA,NA,NA,NA,NA,NA,NA,NA,NA,NA,NA,2082661,82.6,39.1,13.26,8.16,13111.214,5,322.688,10.08,NA,NA,NA,4.28,75.8,0.774,NA,NA,NA
70831,MLI,17,-4,Africa,Mali,25/09/2021 0:00,15153,23,13.286,547,0,0.286,726.563,1.103,0.637,26.228,0,0.014,NA,NA,NA,NA,NA,NA,NA,NA,NA,NA,NA,NA,NA,NA,NA,NA,NA,,NA,NA,NA,NA,NA,NA,NA,NA,NA,NA,NA,NA,20855724,15.196,16.4,2.519,1.486,2014.306,NA,268.024,2.42,1.6,23,52.232,0.1,59.31,0.434,NA,NA,NA
71595,MLT,35.8333,14.5833,Europe,Malta,25/09/2021 0:00,37077,16,17.857,457,0,0.571,72055.177,31.094,34.703,888.131,0,1.111,NA,NA,NA,NA,NA,NA,NA,NA,NA,NA,NA,NA,NA,NA,NA,NA,NA,,NA,NA,NA,NA,NA,NA,NA,NA,NA,NA,NA,NA,514564,1454.037,42.4,19.426,11.324,36513.323,0.2,168.711,8.83,20.9,30.2,NA,4.485,82.53,0.895,NA,NA,NA
72467,MMR,22,98,Asia,Myanmar,25/09/2021 0:00,456620,1546,1678.429,17465,52,64.143,8331.567,28.209,30.625,318.669,0.949,1.17,NA,NA,NA,NA,NA,NA,NA,NA,NA,NA,NA,NA,NA,NA,NA,NA,NA,,NA,NA,NA,NA,NA,NA,NA,NA,NA,NA,NA,NA,54806014,81.721,29.1,5.732,3.12,5591.597,6.4,202.104,4.61,6.3,35.2,79.287,0.9,67.13,0.583,NA,NA,NA
73015,MMR,22,98,Asia,Myanmar,25/09/2021 0:00,456620,1546,1678.429,17465,52,64.143,8331.567,28.209,30.625,318.669,0.949,1.17,NA,NA,NA,NA,NA,NA,NA,NA,NA,NA,NA,NA,NA,NA,NA,NA,NA,,NA,NA,NA,NA,NA,NA,NA,NA,NA,NA,NA,NA,54806014,81.721,29.1,5.732,3.12,5591.597,6.4,202.104,4.61,6.3,35.2,79.287,0.9,67.13,0.583,NA,NA,NA
73495,MNE,42,19,Europe,Montenegro,25/09/2021 0:00,129285,489,508.143,1892,8,7.571,205851.117,778.599,809.079,3012.494,12.738,12.055,NA,NA,NA,NA,NA,NA,NA,NA,NA,NA,NA,NA,NA,NA,NA,NA,NA,,445238,236626,208612,NA,2905,1789,70.89,37.68,33.22,NA,2848,NA,628051,46.28,39.1,14.762,9.395,16409.288,1,387.305,10.08,44,47.9,NA,3.861,76.88,0.829,NA,NA,NA
73689,MNG,46,105,Asia,Mongolia,25/09/2021 0:00,294775,4846,2804.143,1206,35,14,88540.112,1455.569,842.267,362.24,10.513,4.205,NA,NA,NA,NA,NA,NA,NA,NA,NA,NA,NA,NA,NA,NA,NA,NA,NA,,NA,NA,NA,NA,NA,NA,NA,NA,NA,NA,NA,NA,3329282,1.98,28.6,4.031,2.421,11840.846,0.5,460.043,4.82,5.5,46.5,71.18,7,69.87,0.737,NA,NA,NA
74174,MOZ,-18.25,35,Africa,Mozambique,25/09/2021 0:00,150494,55,73.286,1909,1,0.857,4679.097,1.71,2.279,59.354,0.031,0.027,NA,NA,NA,NA,NA,NA,NA,NA,NA,NA,NA,NA,NA,NA,NA,NA,NA,,NA,NA,NA,NA,NA,NA,NA,NA,NA,NA,NA,NA,32163045,37.728,17.7,3.158,1.87,1136.103,62.9,329.942,3.3,5.1,29.1,12.227,0.7,60.85,0.456,NA,NA,NA
74840,MRT,20,-12,Africa,Mauritania,25/09/2021 0:00,35819,42,62.714,768,0,0.429,7501.188,8.796,13.134,160.834,0,0.09,NA,NA,NA,NA,NA,NA,NA,NA,NA,NA,NA,NA,NA,NA,NA,NA,NA,,NA,NA,NA,NA,NA,NA,NA,NA,NA,NA,NA,NA,4775110,4.289,20.3,3.138,1.792,3597.633,6,232.347,2.42,NA,NA,15.95,NA,64.92,0.546,NA,NA,NA
75914,MUS,-20.2833,57.55,Africa,Mauritius,25/09/2021 0:00,15161,0,131.143,71,0,3,11905.659,0,102.984,55.755,0,2.356,NA,NA,NA,NA,NA,NA,NA,NA,NA,NA,NA,NA,NA,NA,NA,NA,NA,,NA,NA,NA,NA,NA,NA,NA,NA,NA,NA,NA,NA,1273428,622.962,37.4,10.945,5.884,20292.745,0.5,224.644,22.02,3.2,40.7,NA,3.4,74.99,0.804,NA,NA,NA
76371,MWI,-13.5,34,Africa,Malawi,25/09/2021 0:00,61497,22,22.857,2275,3,2.714,3129.988,1.12,1.163,115.79,0.153,0.138,NA,NA,NA,NA,NA,NA,NA,NA,NA,NA,NA,NA,NA,NA,NA,NA,NA,,NA,NA,NA,NA,NA,NA,NA,NA,NA,NA,NA,NA,19647681,197.519,18.1,2.979,1.783,1095.042,71.4,227.349,3.94,4.4,24.7,8.704,1.3,64.26,0.483,NA,NA,NA
76621,MYS,2.5,112.5,Asia,Malaysia,25/09/2021 0:00,2185131,13899,14607.857,25159,228,298.857,66668.233,424.058,445.685,767.6,6.956,9.118,NA,NA,NA,NA,NA,NA,NA,NA,NA,NA,NA,NA,NA,NA,NA,NA,NA,,42106397,22717042,19481412,NA,259141,278632,128.47,69.31,59.44,NA,8501,NA,32776195,96.254,29.9,6.293,3.407,26808.164,0.1,260.942,16.74,1,42.4,NA,1.9,76.16,0.81,NA,NA,NA
77205,NAM,-22,17,Africa,Namibia,25/09/2021 0:00,127227,156,74.143,3492,4,3.714,49172.82,60.293,28.656,1349.647,1.546,1.436,NA,NA,NA,NA,NA,NA,NA,NA,NA,NA,NA,NA,NA,NA,NA,NA,NA,,NA,NA,NA,NA,NA,NA,NA,NA,NA,NA,NA,NA,2587344,3.078,22,3.552,2.085,9541.808,13.4,243.811,3.94,9.7,34.2,44.6,NA,63.71,0.646,NA,NA,NA
78019,NER,16,8,Africa,Niger,25/09/2021 0:00,5974,0,3.286,201,0,0,237.716,0,0.131,7.998,0,0,NA,NA,NA,NA,NA,NA,NA,NA,NA,NA,NA,NA,NA,NA,NA,NA,NA,,NA,NA,NA,NA,NA,NA,NA,NA,NA,NA,NA,NA,25130810,16.955,15.1,2.553,1.378,926,44.5,238.339,2.42,0.1,15.4,8.978,0.3,62.42,0.394,NA,NA,NA
78989,NGA,10,8,Africa,Nigeria,25/09/2021 0:00,204201,210,367.286,2673,2,2.714,965.943,0.993,1.737,12.644,0.009,0.013,NA,NA,NA,NA,NA,NA,NA,NA,NA,NA,NA,NA,NA,NA,NA,NA,NA,,NA,NA,NA,NA,NA,NA,NA,NA,NA,NA,NA,NA,211400704,209.588,18.1,2.751,1.447,5338.454,NA,181.013,2.42,0.6,10.8,41.949,NA,54.69,0.539,NA,NA,NA
79588,NIC,13,-85,North America,Nicaragua,25/09/2021 0:00,13730,0,100.714,203,0,0.143,2048.526,0,15.027,30.288,0,0.021,NA,NA,NA,NA,NA,NA,NA,NA,NA,NA,NA,NA,NA,NA,NA,NA,NA,,788502,502324,286178,NA,NA,2425,11.76,7.49,4.27,NA,362,NA,6702379,51.667,27.3,5.445,3.519,5321.444,3.2,137.016,11.47,NA,NA,NA,0.9,74.48,0.66,NA,NA,NA
79841,NLD,52.5,5.75,Europe,Netherlands,25/09/2021 0:00,2032868,1686,1760.714,18555,9,7.571,118375.175,98.177,102.527,1080.469,0.524,0.441,NA,NA,NA,NA,NA,NA,NA,NA,NA,NA,NA,NA,NA,NA,NA,NA,NA,,22272373,12116976,10962160,NA,NA,8014,129.69,70.56,63.83,NA,467,NA,17173094,508.544,43.2,18.779,11.881,48472.545,NA,109.361,5.29,24.4,27.3,NA,3.32,82.28,0.944,NA,NA,NA
80363,NOR,62,10,Europe,Norway,25/09/2021 0:00,186554,519,684.143,850,0,1.286,34132.211,94.957,125.172,155.517,0,0.235,NA,NA,NA,NA,NA,NA,NA,NA,NA,NA,NA,NA,NA,NA,NA,NA,NA,,NA,NA,NA,NA,NA,NA,NA,NA,NA,NA,NA,NA,5465629,14.462,39.7,16.821,10.813,64800.057,0.2,114.316,5.31,19.6,20.7,NA,3.6,82.4,0.957,NA,NA,NA
81277,NPL,28,84,Asia,Nepal,25/09/2021 0:00,790662,790,964.571,11087,6,8.429,26644.116,26.622,32.505,373.615,0.202,0.284,NA,NA,NA,NA,NA,NA,NA,NA,NA,NA,NA,NA,NA,NA,NA,NA,NA,,12543333,6528392,6014941,NA,216725,111787,42.27,22,20.27,NA,3767,NA,29674920,204.43,25,5.809,3.212,2442.804,15,260.797,7.26,9.5,37.8,47.782,0.3,70.78,0.602,NA,NA,NA
81751,NZL,-41,174,Oceania,New Zealand,25/09/2021 0:00,4184,21,17.571,27,0,0,860.792,4.32,3.615,5.555,0,0,NA,NA,NA,NA,NA,NA,NA,NA,NA,NA,NA,NA,NA,NA,NA,NA,NA,,NA,NA,NA,NA,NA,NA,NA,NA,NA,NA,NA,NA,4860642,18.206,37.9,15.322,9.72,36085.843,NA,128.797,8.08,14.8,17.2,NA,2.61,82.29,0.931,NA,NA,NA
82647,OMN,21,57,Asia,Oman,25/09/2021 0:00,303551,0,34.571,4093,0,0.143,58113.948,0,6.619,783.593,0,0.027,NA,NA,NA,NA,NA,NA,NA,NA,NA,NA,NA,NA,NA,NA,NA,NA,NA,,NA,NA,NA,NA,NA,NA,NA,NA,NA,NA,NA,NA,5223376,14.98,30.7,2.355,1.53,37960.709,NA,266.342,12.61,0.5,15.6,97.4,1.6,77.86,0.813,NA,NA,NA
82984,PAK,30,70,Asia,Pakistan,25/09/2021 0:00,1236888,0,1863.857,27524,0,45.429,5492.4,0,8.276,122.22,0,0.202,NA,NA,NA,NA,NA,NA,NA,NA,NA,NA,NA,NA,NA,NA,NA,NA,NA,,NA,NA,NA,NA,NA,NA,NA,NA,NA,NA,NA,43.98,225199929,255.573,23.5,4.495,2.78,5034.708,4,423.031,8.35,2.8,36.7,59.607,0.6,67.27,0.557,NA,NA,NA
83792,PAN,9,-80,North America,Panama,25/09/2021 0:00,465993,257,279.286,7201,4,4.429,106352.658,58.655,63.741,1643.47,0.913,1.011,NA,NA,NA,NA,NA,NA,NA,NA,NA,NA,NA,NA,NA,NA,NA,NA,NA,,5122694,2915017,2207676,NA,11915,11430,116.91,66.53,50.39,NA,2609,NA,4381583,55.133,29.7,7.918,5.03,22267.037,2.2,128.346,8.33,2.4,9.9,NA,2.3,78.51,0.815,NA,NA,NA
84268,PER,-10,-76,South America,Peru,25/09/2021 0:00,2172261,887,834.571,199228,46,36,65116.879,26.589,25.018,5972.167,1.379,1.079,NA,NA,NA,NA,NA,NA,NA,NA,NA,NA,NA,NA,NA,NA,NA,NA,NA,,NA,NA,NA,NA,NA,NA,NA,NA,NA,NA,NA,NA,33359415,25.129,29.1,7.151,4.455,12236.706,3.5,85.755,5.95,4.8,NA,NA,1.6,76.74,0.777,NA,NA,NA
84872,PHL,13,122,Asia,Philippines,25/09/2021 0:00,2470175,16847,17517.857,37405,0,117.429,22244.428,151.711,157.752,336.84,0,1.057,NA,NA,NA,NA,NA,NA,NA,NA,NA,NA,NA,NA,NA,NA,NA,NA,NA,,NA,NA,NA,NA,NA,NA,NA,NA,NA,NA,NA,NA,111046910,351.873,25.2,4.803,2.661,7599.188,NA,370.437,7.07,7.8,40.8,78.463,1,71.23,0.718,NA,NA,NA
85287,PLW,7.5,134.5,Oceania,Palau,25/09/2021 0:00,5,0,0,NA,NA,0,275.118,0,0,NA,NA,0,NA,NA,NA,NA,NA,NA,NA,NA,NA,NA,NA,NA,NA,NA,NA,NA,NA,,NA,NA,NA,NA,NA,NA,NA,NA,NA,NA,NA,NA,18174,47.237,,,,13240.405,NA,NA,15.89,7.7,22.7,NA,4.8,73.7,0.826,NA,NA,NA
85584,PNG,-6,147,Oceania,Papua New Guinea,25/09/2021 0:00,19278,0,105.143,225,0,3,2114.046,0,11.53,24.674,0,0.329,NA,NA,NA,NA,NA,NA,NA,NA,NA,NA,NA,NA,NA,NA,NA,NA,NA,,NA,NA,NA,NA,NA,NA,NA,NA,NA,NA,NA,NA,9119005,18.22,22.6,3.808,2.142,3823.194,NA,561.494,17.65,23.5,48.8,NA,NA,64.5,0.555,NA,NA,NA
86397,POL,52,20,Europe,Poland,25/09/2021 0:00,2902591,917,742.286,75571,20,12,76794.216,24.261,19.639,1999.391,0.529,0.317,NA,NA,NA,NA,NA,NA,NA,NA,NA,NA,NA,NA,NA,NA,NA,NA,NA,,NA,NA,NA,NA,NA,NA,NA,NA,NA,NA,NA,NA,37797000,124.027,41.8,16.763,10.202,27216.445,NA,227.331,5.91,23.3,33.1,NA,6.62,78.73,0.88,NA,NA,NA
86501,PRT,39.5,-8,Europe,Portugal,25/09/2021 0:00,1066346,713,710.714,17952,5,7.143,104873.532,70.122,69.898,1765.552,0.492,0.702,NA,NA,NA,NA,NA,NA,NA,NA,NA,NA,NA,NA,NA,NA,NA,NA,NA,,NA,NA,NA,NA,NA,NA,NA,NA,NA,NA,NA,NA,10167923,112.371,46.2,21.502,14.924,27936.896,0.5,127.842,9.85,16.3,30,NA,3.39,82.05,0.864,NA,NA,NA
87437,PRY,-23,-58,South America,Paraguay,25/09/2021 0:00,459779,0,28.429,16142,0,2.714,63684.469,0,3.938,2235.845,0,0.376,NA,NA,NA,NA,NA,NA,NA,NA,NA,NA,NA,NA,NA,NA,NA,NA,NA,,4488153,2621847,1866306,NA,10430,10857,62.17,36.32,25.85,NA,1504,NA,7219641,17.144,26.5,6.378,3.833,8827.01,1.7,199.128,8.27,5,21.6,79.602,1.3,74.25,0.728,NA,NA,NA
88008,PSE,32,35.25,Asia,Palestine,25/09/2021 0:00,395677,994,1870.429,4018,21,15.571,75760.193,190.321,358.131,769.326,4.021,2.981,NA,NA,NA,NA,NA,NA,NA,NA,NA,NA,NA,NA,NA,NA,NA,NA,NA,,NA,NA,NA,NA,NA,NA,NA,NA,NA,NA,NA,NA,5222756,778.202,20.4,3.043,1.726,4449.898,1,265.91,10.59,NA,NA,NA,NA,74.05,0.708,NA,NA,NA
88819,QAT,25.5,51.25,Asia,Qatar,25/09/2021 0:00,236231,108,120.714,604,0,0,80610.498,36.853,41.192,206.106,0,0,NA,NA,NA,NA,NA,NA,NA,NA,NA,NA,NA,NA,NA,NA,NA,NA,NA,,4690049,NA,NA,NA,NA,5290,160.04,NA,NA,NA,1805,NA,2930524,227.322,31.9,1.307,0.617,116935.6,NA,176.69,16.52,0.8,26.9,NA,1.2,80.23,0.848,NA,NA,NA
89350,ROU,46,25,Europe,Romania,25/09/2021 0:00,1187773,7676,6125.714,36230,121,110.571,62096.777,401.301,320.252,1894.105,6.326,5.781,NA,NA,NA,NA,NA,NA,NA,NA,NA,NA,NA,NA,NA,NA,NA,NA,NA,,NA,NA,NA,NA,NA,NA,NA,NA,NA,NA,NA,NA,19127772,85.129,43,17.85,11.69,23313.199,5.7,370.946,9.74,22.9,37.1,NA,6.892,76.05,0.828,NA,NA,NA
89876,RUS,60,100,Europe,Russia,25/09/2021 0:00,7291097,21583,20121.857,199450,806,794.143,49969.131,147.918,137.904,1366.92,5.524,5.443,NA,NA,NA,NA,NA,NA,NA,NA,NA,NA,NA,NA,NA,NA,NA,NA,NA,,89204756,47547409,41657347,661446,176373,243233,61.14,32.59,28.55,0.45,1667,NA,145912022,8.823,39.6,14.178,9.393,24765.954,0.1,431.297,6.18,23.4,58.3,NA,8.05,72.58,0.824,NA,NA,NA
90480,RUS,60,100,Europe,Russia,25/09/2021 0:00,7291097,21583,20121.857,199450,806,794.143,49969.131,147.918,137.904,1366.92,5.524,5.443,NA,NA,NA,NA,NA,NA,NA,NA,NA,NA,NA,NA,NA,NA,NA,NA,NA,,89204756,47547409,41657347,661446,176373,243233,61.14,32.59,28.55,0.45,1667,NA,145912022,8.823,39.6,14.178,9.393,24765.954,0.1,431.297,6.18,23.4,58.3,NA,8.05,72.58,0.824,NA,NA,NA
91164,RWA,-2,30,Africa,Rwanda,25/09/2021 0:00,96727,157,230,1248,6,6,7285.57,11.825,17.324,94.001,0.452,0.452,NA,NA,NA,NA,NA,NA,NA,NA,NA,NA,NA,NA,NA,NA,NA,NA,NA,,NA,NA,NA,NA,NA,NA,NA,NA,NA,NA,NA,NA,13276517,494.869,20.3,2.974,1.642,1854.211,56,191.375,4.28,4.7,21,4.617,NA,69.02,0.543,NA,NA,NA
91614,SAU,25,45,Asia,Saudi Arabia,25/09/2021 0:00,546882,147,67.286,8694,15,6.143,15474.575,4.16,1.904,246.005,0.424,0.174,NA,NA,NA,NA,NA,NA,NA,NA,NA,NA,NA,NA,NA,NA,NA,NA,NA,,41490683,23228976,18261707,NA,85731,113230,117.4,65.73,51.67,NA,3204,NA,35340680,15.322,31.9,3.295,1.845,49045.411,NA,259.538,17.72,1.8,25.4,NA,2.7,75.13,0.854,NA,NA,NA
91925,SDN,15,30,Africa,Sudan,25/09/2021 0:00,38077,0,11.714,2894,0,2.714,847.864,0,0.261,64.441,0,0.06,NA,NA,NA,NA,NA,NA,NA,NA,NA,NA,NA,NA,NA,NA,NA,NA,NA,,NA,NA,NA,NA,NA,NA,NA,NA,NA,NA,NA,NA,44909351,23.258,19.7,3.548,2.034,4466.507,NA,431.388,15.67,NA,NA,23.437,0.8,65.31,0.51,NA,NA,NA
92626,SEN,14,-14,Africa,Senegal,25/09/2021 0:00,73728,9,15.143,1855,1,1.429,4287.432,0.523,0.881,107.872,0.058,0.083,NA,NA,NA,NA,NA,NA,NA,NA,NA,NA,NA,NA,NA,NA,NA,NA,NA,,NA,NA,NA,NA,NA,NA,NA,NA,NA,NA,NA,NA,17196308,82.328,18.7,3.008,1.796,2470.58,38,241.219,2.42,0.4,16.6,20.859,NA,67.94,0.512,NA,NA,NA
93486,SGP,1.3667,103.8,Asia,Singapore,25/09/2021 0:00,85953,1443,1308.714,76,3,2.286,14576.498,244.714,221.941,12.889,0.509,0.388,NA,NA,NA,NA,NA,NA,NA,NA,NA,NA,NA,NA,NA,NA,NA,NA,NA,,NA,NA,NA,NA,NA,NA,NA,NA,NA,NA,NA,NA,5896684,7915.731,42.4,12.922,7.049,85535.383,NA,92.243,10.99,5.2,28.3,NA,2.4,83.62,0.938,NA,NA,NA
94048,SLB,-8,159,Oceania,Solomon Islands,25/09/2021 0:00,20,0,0,NA,NA,0,28.409,0,0,NA,NA,0,NA,NA,NA,NA,NA,NA,NA,NA,NA,NA,NA,NA,NA,NA,NA,NA,NA,,NA,NA,NA,NA,NA,NA,NA,NA,NA,NA,NA,NA,703995,21.841,20.8,3.507,2.043,2205.923,25.1,459.78,18.68,NA,NA,35.89,1.4,73,0.567,NA,NA,NA
94230,SLE,8.5,-11.5,Africa,Sierra Leone,25/09/2021 0:00,6393,0,0.143,121,0,0,785.251,0,0.018,14.862,0,0,NA,NA,NA,NA,NA,NA,NA,NA,NA,NA,NA,NA,NA,NA,NA,NA,NA,,NA,NA,NA,NA,NA,NA,NA,NA,NA,NA,NA,NA,8141343,104.7,19.1,2.538,1.285,1390.3,52.2,325.721,2.42,8.8,41.3,19.275,NA,54.7,0.452,NA,NA,NA
94992,SLV,13.8333,-88.9167,North America,El Salvador,25/09/2021 0:00,102024,0,331.857,3174,10,12,15651.454,0,50.91,486.922,1.534,1.841,NA,NA,NA,NA,NA,NA,NA,NA,NA,NA,NA,NA,NA,NA,NA,NA,NA,,NA,NA,NA,NA,NA,NA,NA,NA,NA,NA,NA,NA,6518500,307.811,27.6,8.273,5.417,7292.458,2.2,167.295,8.87,2.5,18.8,90.65,1.3,73.32,0.673,NA,NA,NA
95483,SMR,43.7667,12.4167,Europe,San Marino,25/09/2021 0:00,5427,0,2.143,90,0,0,159570.714,0,63.007,2646.281,0,0,NA,NA,NA,NA,NA,NA,NA,NA,NA,NA,NA,NA,NA,NA,NA,NA,NA,,NA,NA,NA,NA,NA,NA,NA,NA,NA,NA,NA,NA,34010,556.667,,,,56861.47,NA,NA,5.64,NA,NA,NA,3.8,84.97,NA,NA,NA,NA
95930,SOM,10,49,Africa,Somalia,25/09/2021 0:00,19723,140,102.714,1103,4,5.714,1205.599,8.558,6.279,67.423,0.245,0.349,NA,NA,NA,NA,NA,NA,NA,NA,NA,NA,NA,NA,NA,NA,NA,NA,NA,,NA,NA,NA,NA,NA,NA,NA,NA,NA,NA,NA,NA,16359500,23.5,16.8,2.731,1.496,,NA,365.769,6.05,NA,NA,9.831,0.9,57.4,NA,NA,NA,NA
96616,SRB,44,21,Europe,Serbia,25/09/2021 0:00,905677,6192,6463.714,8008,42,39.286,133097.836,909.973,949.904,1176.852,6.172,5.773,NA,NA,NA,NA,NA,NA,NA,NA,NA,NA,NA,NA,NA,NA,NA,NA,NA,,NA,NA,NA,NA,NA,NA,NA,NA,NA,NA,NA,NA,6804596,80.291,41.2,17.366,,14048.881,NA,439.415,10.08,37.7,40.2,97.719,5.609,76,0.806,NA,NA,NA
97272,SSD,8,30,Africa,South Sudan,25/09/2021 0:00,11926,0,17.286,128,0,1,1047.852,0,1.519,11.246,0,0.088,NA,NA,NA,NA,NA,NA,NA,NA,NA,NA,NA,NA,NA,NA,NA,NA,NA,,NA,NA,NA,NA,NA,NA,NA,NA,NA,NA,NA,NA,11381377,,19.2,3.441,2.032,1569.888,NA,280.775,10.43,NA,NA,NA,NA,57.85,0.433,NA,NA,NA
97814,STP,1,7,Africa,Sao Tome and Principe,25/09/2021 0:00,3338,43,42.571,49,2,0.857,14944.217,192.511,190.592,219.373,8.954,3.837,NA,NA,NA,NA,NA,NA,NA,NA,NA,NA,NA,NA,NA,NA,NA,NA,NA,,NA,NA,NA,NA,NA,NA,NA,NA,NA,NA,NA,NA,223364,212.841,18.7,2.886,2.162,3052.714,32.3,270.113,2.42,NA,NA,41.34,2.9,70.39,0.625,NA,NA,NA
98521,SUR,4,-56,South America,Suriname,25/09/2021 0:00,39908,299,451.714,845,4,6,67435.172,505.24,763.291,1427.852,6.759,10.139,NA,NA,NA,NA,NA,NA,NA,NA,NA,NA,NA,NA,NA,NA,NA,NA,NA,,391985,224646,167339,NA,1304,2086,66.24,37.96,28.28,NA,3525,NA,591798,3.612,29.6,6.933,4.229,13767.119,NA,258.314,12.54,7.4,42.9,67.779,3.1,71.68,0.738,NA,NA,NA
99072,SVK,48.6667,19.5,Europe,Slovakia,25/09/2021 0:00,407799,1039,819,12596,2,3.857,74678.532,190.268,149.98,2306.653,0.366,0.706,NA,NA,NA,NA,NA,NA,NA,NA,NA,NA,NA,NA,NA,NA,NA,NA,NA,,NA,NA,NA,NA,NA,NA,NA,NA,NA,NA,NA,NA,5460726,113.128,41.2,15.07,9.167,30155.152,0.7,287.959,7.29,23.1,37.7,NA,5.82,77.54,0.86,NA,NA,NA
99605,SVN,46,15,Europe,Slovenia,25/09/2021 0:00,289225,1006,898.571,4531,5,5.286,139135.902,483.951,432.271,2179.704,2.405,2.543,NA,NA,NA,NA,NA,NA,NA,NA,NA,NA,NA,NA,NA,NA,NA,NA,NA,,2102314,1114247,988067,NA,1232,7652,101.13,53.6,47.53,NA,3681,NA,2078723,102.619,44.5,19.062,12.93,31400.84,NA,153.493,7.25,20.1,25,NA,4.5,81.32,0.917,NA,NA,NA
100068,SWE,62,15,Europe,Sweden,25/09/2021 0:00,1149407,0,632.143,14821,0,6.571,113128.84,0,62.218,1458.737,0,0.647,NA,NA,NA,NA,NA,NA,NA,NA,NA,NA,NA,NA,NA,NA,NA,NA,NA,,NA,NA,NA,NA,NA,NA,NA,NA,NA,NA,NA,37.04,10160159,24.718,41,19.985,13.433,46949.283,0.5,133.982,4.79,18.8,18.9,NA,2.22,82.8,0.945,NA,NA,NA
100744,SWZ,-26.5,31.5,Africa,Eswatini,25/09/2021 0:00,45742,41,55.714,1212,2,2.571,39016.726,34.972,47.523,1033.804,1.706,2.193,NA,NA,NA,NA,NA,NA,NA,NA,NA,NA,NA,NA,NA,NA,NA,NA,NA,,NA,NA,NA,NA,NA,NA,NA,NA,NA,NA,NA,NA,1172369,79.492,21.5,3.163,1.845,7738.975,NA,333.436,3.94,1.7,16.5,24.097,2.1,60.19,0.611,NA,NA,NA
101232,SYC,-4.5833,55.6667,Africa,Seychelles,25/09/2021 0:00,21281,0,98.286,110,0,0.571,215155.192,0,993.688,1112.122,0,5.777,NA,NA,NA,NA,NA,NA,NA,NA,NA,NA,NA,NA,NA,NA,NA,NA,NA,,NA,NA,NA,NA,NA,NA,NA,NA,NA,NA,NA,NA,98910,208.354,36.2,8.606,5.586,26382.287,1.1,242.648,10.55,7.1,35.7,NA,3.6,73.4,0.796,NA,NA,NA
101742,SYR,35,38,Asia,Syria,25/09/2021 0:00,32580,442,294.429,2198,11,11.143,1782.695,24.185,16.11,120.269,0.602,0.61,NA,NA,NA,NA,NA,NA,NA,NA,NA,NA,NA,NA,NA,NA,NA,NA,NA,,NA,NA,NA,NA,NA,NA,NA,NA,NA,NA,NA,NA,18275704,,21.7,,2.577,,NA,376.264,,NA,NA,70.598,1.5,72.7,0.567,NA,NA,NA
102701,TCD,15,19,Africa,Chad,25/09/2021 0:00,5031,0,0.714,174,0,0,297.429,0,0.042,10.287,0,0,NA,NA,NA,NA,NA,NA,NA,NA,NA,NA,NA,NA,NA,NA,NA,NA,NA,,NA,NA,NA,NA,NA,NA,NA,NA,NA,NA,NA,NA,16914985,11.833,16.7,2.486,1.446,1768.153,38.4,280.995,6.1,NA,NA,5.818,NA,54.24,0.398,NA,NA,NA
103243,TGO,8,1.1667,Africa,Togo,25/09/2021 0:00,25163,80,92,222,3,1.286,2967.95,9.436,10.851,26.185,0.354,0.152,NA,NA,NA,NA,NA,NA,NA,NA,NA,NA,NA,NA,NA,NA,NA,NA,NA,,NA,NA,NA,NA,NA,NA,NA,NA,NA,NA,NA,NA,8478242,143.366,19.4,2.839,1.525,1429.813,49.2,280.033,6.15,0.9,14.2,10.475,0.7,61.04,0.515,NA,NA,NA
103876,THA,15,100,Asia,Thailand,25/09/2021 0:00,1549285,11975,12340.571,16143,127,128.143,22148.196,171.192,176.418,230.776,1.816,1.832,NA,NA,NA,NA,NA,NA,NA,NA,NA,NA,NA,NA,NA,NA,NA,NA,NA,,NA,NA,NA,NA,NA,NA,NA,NA,NA,NA,NA,NA,69950844,135.132,40.1,11.373,6.89,16277.671,0.1,109.861,7.04,1.9,38.8,90.67,2.1,77.15,0.777,NA,NA,NA
104488,TJK,39,71,Asia,Tajikistan,25/09/2021 0:00,17484,0,0,125,0,0,1793.3,0,0,12.821,0,0,NA,NA,NA,NA,NA,NA,NA,NA,NA,NA,NA,NA,NA,NA,NA,NA,NA,,NA,NA,NA,NA,NA,NA,NA,NA,NA,NA,NA,NA,9749625,64.281,23.3,3.466,2.155,2896.913,4.8,427.698,7.11,NA,NA,72.704,4.8,71.1,0.668,NA,NA,NA
104876,TLS,-8.55,125.5167,Asia,Timor,25/09/2021 0:00,19350,42,50.857,113,2,1.429,14398.661,31.253,37.844,84.085,1.488,1.063,NA,NA,NA,NA,NA,NA,NA,NA,NA,NA,NA,NA,NA,NA,NA,NA,NA,,NA,NA,NA,NA,NA,NA,NA,NA,NA,NA,NA,NA,1343875,87.176,18,3.556,1.897,6570.102,30.3,335.346,6.86,6.3,78.1,28.178,5.9,69.5,0.606,NA,NA,NA
105348,TTO,11,-61,North America,Trinidad and Tobago,25/09/2021 0:00,49822,134,203.143,1451,10,5.429,35501.584,95.484,144.753,1033.937,7.126,3.868,NA,NA,NA,NA,NA,NA,NA,NA,NA,NA,NA,NA,NA,NA,NA,NA,NA,,1041836,565940,475896,NA,0,3115,74.24,40.33,33.91,NA,2220,NA,1403374,266.886,36.2,10.014,5.819,28763.071,NA,228.467,10.97,NA,NA,89.443,3,73.51,0.796,NA,NA,NA
106383,TUN,34,9,Africa,Tunisia,25/09/2021 0:00,704914,1855,812.857,24732,56,41.429,59058.976,155.415,68.103,2072.092,4.692,3.471,NA,NA,NA,NA,NA,NA,NA,NA,NA,NA,NA,NA,NA,NA,NA,NA,NA,,NA,NA,NA,NA,NA,NA,NA,NA,NA,NA,NA,NA,11935764,74.228,32.7,8.001,5.075,10849.297,2,318.991,8.52,1.1,65.8,78.687,2.3,76.7,0.74,NA,NA,NA
106483,TUR,39,35,Asia,Turkey,25/09/2021 0:00,7013609,26145,27539.714,62938,193,225.286,82471.582,307.434,323.834,740.075,2.269,2.649,NA,NA,NA,NA,NA,NA,NA,NA,NA,NA,NA,NA,NA,NA,NA,NA,NA,,107641923,53390829,43439793,10811301,261628,392547,126.57,62.78,51.08,12.71,4616,NA,85042736,104.914,31.6,8.153,5.061,25129.341,0.2,171.285,12.13,14.1,41.1,NA,2.81,77.69,0.82,NA,NA,NA
107364,TWN,23.5,121,Asia,Taiwan,25/09/2021 0:00,16181,5,7.429,841,0,0.286,678.306,0.21,0.311,35.255,0,0.012,NA,NA,NA,NA,NA,NA,NA,NA,NA,NA,NA,NA,NA,NA,NA,NA,NA,,NA,NA,NA,NA,NA,NA,NA,NA,NA,NA,NA,NA,23855008,,42.2,,8.353,,NA,103.957,,NA,NA,NA,NA,80.46,NA,NA,NA,NA
107983,TWN,23.5,121,Asia,Taiwan,25/09/2021 0:00,16181,5,7.429,841,0,0.286,678.306,0.21,0.311,35.255,0,0.012,NA,NA,NA,NA,NA,NA,NA,NA,NA,NA,NA,NA,NA,NA,NA,NA,NA,,NA,NA,NA,NA,NA,NA,NA,NA,NA,NA,NA,NA,23855008,,42.2,,8.353,,NA,103.957,,NA,NA,NA,NA,80.46,NA,NA,NA,NA
108540,TZA,-6,35,Africa,Tanzania,25/09/2021 0:00,1367,0,0,50,0,0,22.228,0,0,0.813,0,0,NA,NA,NA,NA,NA,NA,NA,NA,NA,NA,NA,NA,NA,NA,NA,NA,NA,,NA,NA,NA,NA,NA,NA,NA,NA,NA,NA,NA,NA,61498438,64.699,17.7,3.108,1.874,2683.304,49.1,217.288,5.75,3.3,26.7,47.953,0.7,65.46,0.529,NA,NA,NA
109337,UGA,1,32,Africa,Uganda,25/09/2021 0:00,123066,163,140.429,3143,3,2.857,2611.561,3.459,2.98,66.697,0.064,0.061,NA,NA,NA,NA,NA,NA,NA,NA,NA,NA,NA,NA,NA,NA,NA,NA,NA,,NA,NA,NA,NA,NA,NA,NA,NA,NA,NA,NA,NA,47123533,213.759,16.4,2.168,1.308,1697.707,41.6,213.333,2.5,3.4,16.7,21.222,0.5,63.37,0.544,NA,NA,NA
109911,UKR,49,32,Europe,Ukraine,25/09/2021 0:00,2495068,8725,6594.286,59202,149,119.857,57401.666,200.728,151.708,1362.004,3.428,2.757,NA,NA,NA,NA,NA,NA,NA,NA,NA,NA,NA,NA,NA,NA,NA,NA,NA,,12203210,6759689,5443521,NA,64221,111770,28.07,15.55,12.52,NA,2571,NA,43466822,77.39,41.4,16.462,11.133,7894.393,0.1,539.849,7.11,13.5,47.4,NA,8.8,72.06,0.779,NA,NA,NA
110473,URY,-33,-56,South America,Uruguay,25/09/2021 0:00,388424,111,124.143,6052,1,0.571,111451.093,31.849,35.621,1736.51,0.287,0.164,NA,NA,NA,NA,NA,NA,NA,NA,NA,NA,NA,NA,NA,NA,NA,NA,NA,,6161563,2727819,2562679,871065,565,20566,176.79,78.27,73.53,24.99,5901,NA,3485152,19.751,35.6,14.655,10.361,20551.409,0.1,160.708,6.93,14,19.9,NA,2.8,77.91,0.817,NA,NA,NA
110840,USA,38,-97,North America,United States,25/09/2021 0:00,42940411,86687,127110.429,687746,662,2039.143,128983.078,260.388,381.81,2065.83,1.988,6.125,NA,NA,NA,NA,NA,NA,NA,NA,NA,NA,NA,NA,NA,NA,NA,NA,NA,,389372689,213177462,183353326,2527656,805580,637343,115.77,63.38,54.52,0.75,1895,NA,332915074,35.608,38.3,15.413,9.732,54225.446,1.2,151.089,10.79,19.1,24.6,NA,2.77,78.86,0.926,NA,NA,NA
111521,UZB,41,64,Asia,Uzbekistan,25/09/2021 0:00,171588,508,532.857,1218,6,4.857,5056.258,14.969,15.702,35.891,0.177,0.143,NA,NA,NA,NA,NA,NA,NA,NA,NA,NA,NA,NA,NA,NA,NA,NA,NA,,NA,NA,NA,NA,NA,NA,NA,NA,NA,NA,NA,NA,33935765,76.134,28.2,4.469,2.873,6253.104,NA,724.417,7.57,1.3,24.7,NA,4,71.72,0.72,NA,NA,NA
111818,VAT,41.9,12.45,Europe,Vatican,25/09/2021 0:00,27,0,0,NA,NA,0,33251.232,0,0,NA,NA,0,NA,NA,NA,NA,NA,NA,NA,NA,NA,NA,NA,NA,NA,NA,NA,NA,NA,,NA,NA,NA,NA,NA,NA,NA,NA,NA,NA,NA,NA,812,,,,,,NA,NA,,NA,NA,NA,NA,75.12,NA,NA,NA,NA
112733,VCT,13.25,-61.2,North America,Saint Vincent and the Grenadines,25/09/2021 0:00,3247,89,74.143,17,0,0.429,29181.533,799.863,666.339,152.783,0,3.852,NA,NA,NA,NA,NA,NA,NA,NA,NA,NA,NA,NA,NA,NA,NA,NA,NA,,NA,NA,NA,NA,NA,NA,NA,NA,NA,NA,NA,NA,111269,281.787,31.8,7.724,4.832,10727.146,NA,252.675,11.62,NA,NA,NA,2.6,72.53,0.738,NA,NA,NA
113294,VCT,13.25,-61.2,North America,Saint Vincent and the Grenadines,25/09/2021 0:00,3247,89,74.143,17,0,0.429,29181.533,799.863,666.339,152.783,0,3.852,NA,NA,NA,NA,NA,NA,NA,NA,NA,NA,NA,NA,NA,NA,NA,NA,NA,,NA,NA,NA,NA,NA,NA,NA,NA,NA,NA,NA,NA,111269,281.787,31.8,7.724,4.832,10727.146,NA,252.675,11.62,NA,NA,NA,2.6,72.53,0.738,NA,NA,NA
113855,VCT,13.25,-61.2,North America,Saint Vincent and the Grenadines,25/09/2021 0:00,3247,89,74.143,17,0,0.429,29181.533,799.863,666.339,152.783,0,3.852,NA,NA,NA,NA,NA,NA,NA,NA,NA,NA,NA,NA,NA,NA,NA,NA,NA,,NA,NA,NA,NA,NA,NA,NA,NA,NA,NA,NA,NA,111269,281.787,31.8,7.724,4.832,10727.146,NA,252.675,11.62,NA,NA,NA,2.6,72.53,0.738,NA,NA,NA
114419,VEN,8,-66,South America,Venezuela,25/09/2021 0:00,362040,2407,1234.143,4395,32,17.143,12612.46,83.853,42.994,153.109,1.115,0.597,NA,NA,NA,NA,NA,NA,NA,NA,NA,NA,NA,NA,NA,NA,NA,NA,NA,,NA,NA,NA,NA,NA,NA,NA,NA,NA,NA,NA,NA,28704947,36.253,29,6.614,3.915,16745.022,NA,204.85,6.47,NA,NA,NA,0.8,72.06,0.711,NA,NA,NA
114980,VEN,8,-66,South America,Venezuela,25/09/2021 0:00,362040,2407,1234.143,4395,32,17.143,12612.46,83.853,42.994,153.109,1.115,0.597,NA,NA,NA,NA,NA,NA,NA,NA,NA,NA,NA,NA,NA,NA,NA,NA,NA,,NA,NA,NA,NA,NA,NA,NA,NA,NA,NA,NA,NA,28704947,36.253,29,6.614,3.915,16745.022,NA,204.85,6.47,NA,NA,NA,0.8,72.06,0.711,NA,NA,NA
115697,VNM,16,106,Asia,Vietnam,25/09/2021 0:00,746678,9706,9950.714,18400,180,220.429,7606.06,98.87,101.363,187.432,1.834,2.245,NA,NA,NA,NA,NA,NA,NA,NA,NA,NA,NA,NA,NA,NA,NA,NA,NA,,NA,NA,NA,NA,NA,NA,NA,NA,NA,NA,NA,NA,98168829,308.127,32.6,7.15,4.718,6171.884,2,245.465,6,1,45.9,85.847,2.6,75.4,0.704,NA,NA,NA
116309,VNM,16,106,Asia,Vietnam,25/09/2021 0:00,746678,9706,9950.714,18400,180,220.429,7606.06,98.87,101.363,187.432,1.834,2.245,NA,NA,NA,NA,NA,NA,NA,NA,NA,NA,NA,NA,NA,NA,NA,NA,NA,,NA,NA,NA,NA,NA,NA,NA,NA,NA,NA,NA,NA,98168829,308.127,32.6,7.15,4.718,6171.884,2,245.465,6,1,45.9,85.847,2.6,75.4,0.704,NA,NA,NA
116546,VUT,-16,167,Oceania,Vanuatu,25/09/2021 0:00,4,0,0,1,0,0,12.72,0,0,3.18,0,0,NA,NA,NA,NA,NA,NA,NA,NA,NA,NA,NA,NA,NA,NA,NA,NA,NA,,NA,NA,NA,NA,NA,NA,NA,NA,NA,NA,NA,NA,314464,22.662,23.1,4.394,2.62,2921.909,13.2,546.3,12.02,2.8,34.5,25.209,NA,70.47,0.609,NA,NA,NA
117080,WSM,-13.5833,-172.3333,Oceania,Samoa,25/09/2021 0:00,3,0,0,NA,NA,0,14.989,0,0,NA,NA,0,NA,NA,NA,NA,NA,NA,NA,NA,NA,NA,NA,NA,NA,NA,NA,NA,NA,,NA,NA,NA,NA,NA,NA,NA,NA,NA,NA,NA,NA,200144,69.413,22,5.606,3.564,6021.557,NA,348.977,9.21,16.7,38.1,NA,NA,73.32,0.715,NA,NA,NA
117801,YEM,15,48,Asia,Yemen,25/09/2021 0:00,8891,30,37.286,1682,9,6.286,291.598,0.984,1.223,55.164,0.295,0.206,NA,NA,NA,NA,NA,NA,NA,NA,NA,NA,NA,NA,NA,NA,NA,NA,NA,,NA,NA,NA,NA,NA,NA,NA,NA,NA,NA,NA,NA,30490639,53.508,20.3,2.922,1.583,1479.147,18.8,495.003,5.35,7.6,29.2,49.542,0.7,66.12,0.47,NA,NA,NA
118025,ZAF,-29,24,Africa,South Africa,25/09/2021 0:00,2895976,1634,2232.429,87001,34,126.429,48232.507,27.214,37.181,1449.002,0.566,2.106,NA,NA,NA,NA,NA,NA,NA,NA,NA,NA,NA,NA,NA,NA,NA,NA,NA,,NA,NA,NA,NA,NA,NA,NA,NA,NA,NA,NA,NA,60041996,46.754,27.3,5.344,3.053,12294.876,18.9,200.38,5.52,8.1,33.2,43.993,2.32,64.13,0.709,NA,NA,NA
118955,ZMB,-15,30,Africa,Zambia,25/09/2021 0:00,208829,51,58.143,3645,3,1,11037.09,2.695,3.073,192.647,0.159,0.053,NA,NA,NA,NA,NA,NA,NA,NA,NA,NA,NA,NA,NA,NA,NA,NA,NA,,NA,NA,NA,NA,NA,NA,NA,NA,NA,NA,NA,NA,18920657,22.995,17.7,2.48,1.542,3689.251,57.5,234.499,3.94,3.1,24.7,13.938,2,63.89,0.584,NA,NA,NA
119510,ZWE,-20,30,Africa,Zimbabwe,25/09/2021 0:00,129505,371,252.286,4603,3,5.714,8580.939,24.582,16.716,304.993,0.199,0.379,NA,NA,NA,NA,NA,NA,NA,NA,NA,NA,NA,NA,NA,NA,NA,NA,NA,,5218672,3030042,2188630,NA,21309,32310,34.58,20.08,14.5,NA,2141,NA,15092171,42.729,19.6,2.822,1.882,1899.775,21.4,307.846,1.82,1.6,30.7,36.791,1.7,61.49,0.571,NA,NA,NA
